stop_id,stop_code,stop_name,stop_lat,stop_lon,location_type,wheelchair_boarding
121,121,8 Mai,43.9595628716,4.7695971206,0,1
137,137,8 Mai,43.9593154394,4.7693997402,0,1
613,613,Chemin du Moulin,43.957605278,4.9268663683,0,1
623,623,Chemin du Moulin,43.957674394,4.9266080258,0,1
164,164,Parking Chartreuse,43.9680643178,4.7987172298,0,1
197,197,Parking Chartreuse,43.9678531156,4.7993058501,0,1
1955,1955,La Rivasse,44.0004970977,4.9203136133,0,1
968,968,La Rivasse,44.0004671867,4.9204368666,0,1
1153,1153,La Rouvette,43.9822058833,4.7049962051,0,
317,317,Lascour,43.9627692134,4.8656581314,0,
343,343,Lascour,43.9626866084,4.8657291691,0,
1927,1927,Lavandières,43.985012405,4.9018432802,0,1
882,882,Lavandières,43.9853744667,4.9017475249,0,1
919,919,Lavandières,43.9845560879,4.9021216426,0,1
787,787,Lavarin,43.9281694486,4.8044549957,0,1
798,798,Lavarin,43.9281079604,4.8043900987,0,1
1211,1211,Le Green,43.9549622582,4.8845227683,0,
1212,1212,Le Green,43.9549245686,4.8845957851,0,
395,395,Le Lavoir,43.9418655004,4.6830491976,0,1
1141,1141,Le Plan,43.980403387,4.7142381434,0,1
2299,2299,Archicote Avi Nord,43.9824275113,4.8832146581,0,1
2301,2301,Archicote Avi Nord,43.9812725218,4.8822160837,0,1
2326,2326,Archicote Avi Nord,43.9816352382,4.8840137383,0,1
1140,1140,Le Vieux Mas,43.9825679592,4.7094333949,0,
2249,2249,Le Carillon,43.9565675796,4.8835737736,0,1
883,883,Le Carillon,43.9567812335,4.8832845162,0,
316,316,Le Lac,43.9600072523,4.8552120736,0,1
344,344,Le Lac,43.9603652932,4.8556762457,0,1
46,46,Le Lac,43.9607265009,4.8560035868,0,
57,57,Le Lac,43.9607265009,4.8560035868,0,
499,499,Léon Blum,43.9416793105,4.8993504796,0,
527,527,Léon Blum,43.941784204,4.8994796992,0,
1966,1966,Les Falaises,43.9794731088,4.7600871673,0,
1978,1978,Les Falaises,43.9794236603,4.7590761097,0,
704,704,L'Epi,43.9425156208,4.8210496192,0,1
723,723,L'Epi,43.9428427948,4.8209021041,0,1
1203,1203,Les Allées du Lac,43.9579873093,4.8970483559,0,1
1204,1204,Les Allées du Lac,43.9579006753,4.8969074755,0,1
1666,1666,Les Barattes,43.9529328669,4.885527377,0,
2253,2253,Les Barattes,43.9530427319,4.8854451527,0,1
109,109,Les Chênes,43.9580563906,4.7802284078,0,
149,149,Les Chênes,43.9579406461,4.7797751714,0,
2270,2270,Les Craoux,43.9368809326,4.9021960307,0,1
496,496,Les Craoux,43.937297188,4.9020903599,0,
1632,1632,Place du Marché,43.8930566209,4.9487259979,0,1
1633,1633,Place du Marché,43.8929524122,4.9489450946,0,1
125,125,Chêneraie,43.9647337539,4.765211158,0,1
133,133,Chêneraie,43.9646751177,4.7654203489,0,1
1143,1143,Les Genourieux,43.966284458,4.7038213601,0,
1149,1149,Les Genourieux,43.9661532913,4.7044758963,0,
330,330,Les Hameaux,43.9451953607,4.6871204387,0,1
392,392,Les Hameaux,43.9453137922,4.6870506511,0,1
807,807,Les Lierres,43.9404879332,4.8014551456,0,1
808,808,Les Lierres,43.9404477956,4.8012417912,0,1
1235,1235,Les Martines,43.9415963648,4.875657301,0,
512,512,Les Martines,43.9416586819,4.8756849842,0,
1047,1047,Les Mésanges,43.8913874846,4.9541716671,0,
1052,1052,Les Mésanges,43.8917977769,4.9535686689,0,
126,126,Les Oliviers,43.9638333351,4.7596062719,0,1
132,132,Les Oliviers,43.9636550015,4.7595363967,0,1
1181,1181,Avignon TGV,43.9225137242,4.7856804433,0,
607,607,Les Ormeaux,43.9520215287,4.8632868888,0,
629,629,Les Ormeaux,43.9520794546,4.8627291878,0,
172,172,Les Peupliers,43.9724490847,4.7773607491,0,
189,189,Les Peupliers,43.9725555205,4.7774275996,0,
1051,1051,Les Pierres,43.8878643111,4.9637476369,0,
1048,1048,Les Pierres,43.8878068241,4.9635211121,0,
912,912,Cigales,43.9582656936,4.8511750904,0,1
913,913,Cigales,43.9584190235,4.851156978,0,1
2354,2354,Les Pommiers,43.9454380688,4.6837943372,0,
2355,2355,Les Pommiers,43.9453562497,4.6842515419,0,
2117,2117,Les Priades,43.9585509978,4.7689934345,0,1
2118,2118,Les Priades,43.9586678142,4.7689984395,0,1
2075,2075,Les Sources,43.9311932137,4.8256944921,0,
2080,2080,Les Sources,43.930868475,4.8261283097,0,1
9005,9005,Les Sources,43.930915395,4.8260432456,0,1
9006,9006,Les Sources,43.930868475,4.8261283097,0,1
1197,1197,Les Tournesols,43.9747278277,4.9164375399,0,
1198,1198,Les Tournesols,43.9747353383,4.9165001607,0,
1435,1435,Les Vignes,43.9459159492,4.9077334646,0,
1436,1436,Les Vignes,43.9457736543,4.9076647738,0,
1755,1755,Levant,43.9314211265,4.796705645,0,
1756,1756,Levant,43.9313265037,4.7965148602,0,
683,683,L'Herminier,43.9352865961,4.8201483857,0,
693,693,L'Herminier,43.9352916203,4.8191404193,0,
1036,1036,Limbert,43.9436124965,4.8147612936,0,
2068,2068,Limbert,43.9434397041,4.8152392445,0,1
544,544,Lopofa,43.9356988522,4.8044087715,0,1
2267,2267,Lopy,43.9327427478,4.8026872267,0,1
543,543,Lopy,43.9324128538,4.8021626158,0,1
182,182,Cigalières,43.9771577153,4.77234431,0,1
895,895,Lorraine,43.9698925305,4.8861146435,0,
896,896,Lorraine,43.9697070907,4.8855832197,0,
13,13,Loti,43.9345560155,4.81629534,0,
2380,2380,Loti,43.9357983993,4.8170341612,0,
1142,1142,Lou Cigalou,43.9791498497,4.7057281233,0,
9003,9003,Barbière,43.9304787815,4.834101394,0,1
9004,9004,Barbière,43.930414741,4.834148361,0,1
1041,1041,Lycée Agricole,43.9105776755,4.8831793211,0,
1058,1058,Lycée Agricole,43.9108918241,4.8835915369,0,
754,754,Lycée Jean Vilar,43.9812759519,4.7896240278,0,
904,904,Combe,43.9528662407,4.8313634464,0,1
905,905,Combe,43.9532884176,4.8325648183,0,1
1199,1199,Macao,43.9733200068,4.908651102,0,
1200,1200,Macao,43.9730134874,4.909060697,0,
2043,2043,Magnanen,43.9431654452,4.8118786437,0,1
2044,2044,Magnanen,43.9429795769,4.8117460579,0,1
770,770,Magnaneraie,43.9686425507,4.7874466035,0,
973,973,Magnaneraie,43.9686366987,4.788504932,0,
2297,2297,Récollets,43.9331777044,4.8702400832,0,
2298,2298,Récollets,43.9329006067,4.8701654893,0,
1043,1043,Mairie de Caumont,43.8928073293,4.9441248848,0,1
1630,1630,Mairie de Caumont,43.8929300942,4.9438817554,0,1
2312,2312,Montfavet,43.9354956479,4.8718993736,0,1
2313,2313,Montfavet,43.9353730412,4.871756983,0,1
2314,2314,Montfavet,43.9354489818,4.8719719726,0,1
2420,2420,Montfavet,43.934954493,4.8708047797,0,1
953,953,Maison de la Pêche,43.9560618963,5.0271474947,0,
549,549,Maison de Retraite,43.9439887239,4.8187737241,0,1
582,582,Maison de Retraite,43.9441454524,4.8186062935,0,1
951,951,Marché Agricole,43.9557703163,5.0269344385,0,
104,104,Barthelasse,43.9525622232,4.7965260405,0,
154,154,Barthelasse,43.9524305307,4.7963833806,0,
655,655,Massillargues,43.9489012842,4.8441992946,0,
658,658,Massillargues,43.9487476698,4.8442298599,0,
1454,1454,Maumette,43.9305400182,4.8629908967,0,
1455,1455,Maumette,43.9306205976,4.8630069269,0,
2341,2341,Minoterie,43.9682283455,4.9799845291,0,
118,118,Mirabeau,43.9579881412,4.7627809477,0,
140,140,Mirabeau,43.9579723886,4.7626806631,0,
861,861,Clémenceau,43.9660392712,4.7812196308,0,1
1481,1481,Mistral 7,43.9237205957,4.8649898167,0,1
1482,1482,Mistral 7,43.9236156625,4.8648607019,0,1
332,332,Monclar,43.9304209956,4.8003586607,0,1
393,393,Monclar,43.9304513326,4.8002106296,0,1
492,492,Bastide,43.9374216273,4.8807110504,0,
534,534,Bastide,43.9373537848,4.8809196187,0,
190,190,Mont Serein,43.9742156301,4.7772000712,0,1
2245,2245,Mont Serein,43.974308838,4.7770546182,0,1
1087,1087,Mont Ventoux,43.9747138028,4.7754404037,0,
452,452,Mont Blanc,43.9744454634,4.8222854283,0,
467,467,Mont Blanc,43.974660946,4.8219087487,0,
319,319,Montbord,43.9632604,4.8716077012,0,
341,341,Montbord,43.9631746022,4.871429526,0,
106,106,Monteau,43.9544551189,4.7883780707,0,
152,152,Monteau,43.9544938941,4.7890520882,0,
1167,1167,Morières Centre,43.9391177002,4.9061310721,0,1
1168,1168,Morières Centre,43.9391987387,4.9065081801,0,1
449,449,Moutons,43.9612143837,4.8151810207,0,
470,470,Moutons,43.9611627364,4.8150791466,0,
232,232,Clément VII,43.9595460668,4.8665605332,0,
250,250,Clément VII,43.9593130023,4.8661392225,0,
34,34,Notre Dame,43.9521864744,4.8370732667,0,1
64,64,Notre Dame,43.9520945285,4.835986023,0,1
323,323,Offante,43.9615222229,4.882102493,0,
337,337,Offante,43.9614708923,4.8823741528,0,
837,837,Office de Tourisme,43.9632483867,4.8000774004,0,1
838,838,Office de Tourisme,43.9636027484,4.8003169299,0,1
2190,2190,Olivades,43.9289459183,4.8134244563,0,1
2191,2191,Olivades,43.9288066041,4.813617506,0,1
9009,9009,Olivades,43.9287853113,4.8133676717,0,1
9010,9010,Olivades,43.9286864703,4.8133633617,0,1
2458,2458,Olivades,43.9283861334,4.8127280058,0,1
1134,1134,Beaucaire,43.9672160929,4.6732006719,0,1
1158,1158,Beaucaire,43.9678730609,4.6736013098,0,1
1213,1213,Orsan,43.9688856811,4.900255073,0,
1214,1214,Orsan,43.9692601393,4.9003965323,0,
633,633,Papes,43.9512268382,4.8291126121,0,
604,604,Papes,43.9511091702,4.8291447974,0,
1040,1040,Parc des Sports,43.9274499622,4.842990929,0,
1909,1909,Parc des Sports,43.9273525694,4.8440942474,0,
2089,2089,P+R Piot,43.9510759911,4.7934362805,0,
39,39,Beaupré,43.9539085914,4.8563858447,0,
50,50,Beaupré,43.9536143179,4.8558871975,0,
777,777,Beaupré,43.9540515493,4.8568155249,0,
2248,2248,Clos de Morières,43.9540177234,4.8971681607,0,1
610,610,Clos de Morières,43.9538953507,4.8973992147,0,1
2081,2081,Parrocel,43.9325189173,4.8290757198,0,
303,303,Parrocel,43.9318984804,4.828675111,0,
931,931,Pas de l'Ane,43.9947680582,4.9130624891,0,1
966,966,Pas de l'Ane,43.9947879444,4.9133624387,0,1
649,649,Passerelle,43.9464680662,4.8314931649,0,
665,665,Passerelle,43.9466059876,4.8313622827,0,
1774,1774,Pasteur,43.958651441,4.7761574252,0,
2128,2128,Pasteur,43.9586722618,4.7764322563,0,
122,122,Pastorales,43.9625844394,4.7700254802,0,
136,136,Pastorales,43.9617757088,4.7699908136,0,
2107,2107,St Chamand,43.9304888043,4.8410963631,0,1
2108,2108,St Chamand,43.9306505424,4.841103495,0,1
9001,9001,St Chamand,43.9307676396,4.8410962126,0,1
9002,9002,St Chamand,43.9307041688,4.8411183055,0,1
1970,1970,Pelado,43.9743922211,4.8986603642,0,
891,891,Pelado,43.9742672069,4.89900348,0,
2440,2440,Pellenc,43.944168876,4.8493184079,0,1
2441,2441,Pellenc,43.9440573151,4.8494753058,0,1
504,504,Perdiguier,43.9476804948,4.896608478,0,
522,522,Perdiguier,43.9476955385,4.8967336548,0,
238,238,Périgord,43.9750285743,4.8695550144,0,
244,244,Périgord,43.9751204576,4.8694719251,0,1
1042,1042,Clos des Avaux,43.8924794791,4.9382888632,0,
1057,1057,Clos des Avaux,43.8925711123,4.9382184301,0,
36,36,Pervenches,43.9538897965,4.8459137382,0,
62,62,Pervenches,43.9539708611,4.8455188901,0,
2392,2392,Petit Gigognan,43.9303183328,4.7865894599,0,1
2393,2393,Petit Gigognan,43.9303989008,4.7862071245,0,1
523,523,Peupliers,43.945666656,4.895036205,0,
2430,2430,Peupliers,43.9457264181,4.8947899095,0,1
1874,1874,Tour Le Bel,43.9578512068,4.7961201816,0,1
1875,1875,Tour Le Bel,43.9577874627,4.7961547747,0,1
220,220,Picasso,43.9432035044,4.8447692923,0,1
259,259,Picasso,43.9432398283,4.845144355,0,1
2269,2269,Daudet,43.9746853945,4.9045402799,0,
916,916,Daudet,43.9745176656,4.9051679354,0,
167,167,Bel Horizon,43.975461219,4.7894100756,0,
194,194,Bel Horizon,43.9762266772,4.7885712674,0,
2247,2247,Place de Sienne,43.945923032,4.828195098,0,
272,272,Place de Sienne,43.9457503116,4.8282746627,0,
2210,2210,Place Pie,43.9483485861,4.8098014266,0,
187,187,Planas,43.9818420534,4.720015928,0,1
1505,1505,Agricola,43.9529134718,4.8581843975,0,1
1742,1742,Agricola,43.9529447528,4.8579990247,0,1
603,603,Clos des Trams,43.9504013749,4.824307991,0,1
634,634,Clos des Trams,43.9506657061,4.8249420793,0,1
1759,1759,Pompiers,43.9397681085,4.8373231331,0,1
2242,2242,Pompiers,43.9396048947,4.8381623948,0,1
2258,2258,Pont de la Pierre,44.0049570442,4.9317330732,0,
2282,2282,Pont de la Pierre,44.0049664098,4.9320949172,0,
1771,1771,Pont de Pujaut,43.9708818362,4.7922510569,0,1
1772,1772,Pont de Pujaut,43.9709503538,4.7924034744,0,1
506,506,Pont Neuf,43.9477560863,4.9063726005,0,
518,518,Pont Neuf,43.9475794889,4.9066136055,0,
103,103,Porte de l'Oulle,43.9501101532,4.8023335041,0,
155,155,Porte de l'Oulle,43.9501399294,4.8022102981,0,
1916,1916,Porte de l'Oulle,43.9504184504,4.8026207919,0,
2284,2284,Porte de l'Oulle,43.949747941,4.8020438785,0,
177,177,Villeneuve Poste,43.9607870129,4.7807942235,0,
873,873,Villeneuve Poste,43.9605923982,4.7806488714,0,
2105,2105,Pré Fleuri,43.9582116706,4.857784679,0,
2106,2106,Pré Fleuri,43.9583795135,4.8579166529,0,
27,27,Préfecture Chabran,43.9485467948,4.8196577119,0,
71,71,Préfecture Chabran,43.9486288011,4.8196114994,0,
1234,1234,Préfète,43.9409332518,4.8724657953,0,
403,403,Préfète,43.941032961,4.8724329031,0,
860,860,Bellevue,43.9581769826,4.7768592269,0,1
863,863,Bellevue,43.9580045775,4.7769265254,0,1
497,497,Clos Serein,43.9390801607,4.9027684124,0,1
529,529,Clos Serein,43.9391212728,4.9029320943,0,1
203,203,Pré des Pères,43.97870844,4.6999676229,0,
494,494,Prés Verts,43.9362644464,4.8905548069,0,
532,532,Prés Verts,43.9360884694,4.890770944,0,
38,38,Prétentaine,43.9537991984,4.8537289314,0,
60,60,Prétentaine,43.9538013694,4.8528574598,0,
1256,1256,Prieuré,43.957919184,4.8684429871,0,
990,990,Prieuré,43.9578325246,4.8686881609,0,
3,3,Provençales,43.9247145103,4.8250248212,0,
98,98,Provençales,43.924834901,4.8252665403,0,
1118,1118,Puits Ferrane,43.9747315214,4.6925657944,0,
1129,1129,Puits Ferrane,43.9746866864,4.6929749405,0,
234,234,Rallye,43.9613705195,4.8635286718,0,
248,248,Rallye,43.9613053092,4.8636253904,0,
1673,1673,Ramatuel,43.9289121655,4.7883209135,0,
1677,1677,Ramatuel,43.9290494727,4.7882148332,0,
474,474,Islon,43.9569533666,4.8024065911,0,
920,920,Islon,43.9568693936,4.8025399091,0,
540,540,Follereau,43.9205738498,4.8086046696,0,
595,595,Follereau,43.9207889947,4.8082407264,0,
805,805,Colchester,43.9409652093,4.8263095356,0,1
806,806,Colchester,43.9409931806,4.8266593067,0,1
974,974,Ravoux,43.9639172729,4.7851878731,0,
975,975,Ravoux,43.9645788392,4.7849673499,0,
37,37,La Pléiade,43.9536834023,4.8497893019,0,
61,61,La Pléiade,43.9537652627,4.8489711633,0,
650,650,Reine Jeanne,43.9461957704,4.8335602167,0,
664,664,Reine Jeanne,43.946422557,4.8330846687,0,
225,225,Renoir,43.9502962971,4.8519551128,0,
48,48,Renoir,43.950297735,4.8518929255,0,
1031,1031,Rétanque,43.9585752126,4.9337220949,0,
1084,1084,Rétanque,43.9587722948,4.9337560163,0,
819,819,Rêveuses,43.9272612966,4.8732368286,0,
820,820,Rêveuses,43.9274468029,4.8729962073,0,
453,453,Rhodes,43.9742078613,4.8271699558,0,
466,466,Rhodes,43.9743928603,4.8273399936,0,
226,226,Rimbaud,43.9522714412,4.8560019202,0,
49,49,Rimbaud,43.9521749048,4.8558980315,0,
1934,1934,Berton Sicard,43.9369779907,4.8444321082,0,1
816,816,Berton Sicard,43.9372923848,4.8440601251,0,1
606,606,Cardelines,43.9512160317,4.8491322696,0,
630,630,Cardelines,43.9514233975,4.8483321684,0,
1138,1138,Collège Haigneré,43.97358458,4.6781955292,0,
1154,1154,Collège Haigneré,43.9734019093,4.6783249918,0,
2280,2280,Collège Haigneré,43.9733160625,4.6781346341,0,1
2050,2050,Roberty,43.9710548683,4.8679204633,0,1
2051,2051,Roberty,43.9714511028,4.8679007701,0,1
211,211,Henri Nodet,43.9399732003,4.8334857796,0,1
268,268,Henri Nodet,43.94014364,4.8335057215,0,1
35,35,Rose des Vents,43.9527468063,4.843211224,0,
63,63,Rose des Vents,43.953054322,4.8431376453,0,
758,758,Blagier,44.0065650836,4.9374772947,0,1
971,971,Blagier,44.006558541,4.9377511803,0,1
899,899,Rostand,43.9734261207,4.9030135497,0,
900,900,Rostand,43.9734408638,4.9031512273,0,
552,552,Rotondes,43.9396034388,4.8209595582,0,1
579,579,Rotondes,43.9392727509,4.8216546062,0,1
500,500,Roubine,43.9419377436,4.8948682009,0,
526,526,Roubine,43.9420368746,4.8948602183,0,
1493,1493,Roumanille,43.9341549598,4.8279402052,0,1
575,575,Roumanille,43.9341044647,4.8277886319,0,1
2142,2142,Palais de Justice,43.9437201835,4.8167453158,0,
2143,2143,Palais de Justice,43.9444005384,4.8168870698,0,1
2394,2394,Palais de Justice,43.9446263132,4.8168471363,0,1
33,33,Esprit Requien,43.9515866854,4.8342081621,0,1
65,65,Esprit Requien,43.9516112241,4.8339228825,0,1
511,511,Colvert,43.9824361865,4.7146471816,0,
2386,2386,Ste Anne,43.9531654783,4.8099863517,0,
2337,2337,Blanchissage,43.9399709601,4.8016443176,0,1
2338,2338,Blanchissage,43.9398493884,4.8014523258,0,1
498,498,St André,43.940961676,4.9034634103,0,1
528,528,St André,43.9411665766,4.9035473631,0,1
505,505,St Augustin,43.948104992,4.9037863446,0,
519,519,St Augustin,43.9479615203,4.9037674078,0,
102,102,St Dominique,43.9479219973,4.8004582167,0,
1123,1123,St Dominique,43.9479219973,4.8004582167,0,
1155,1155,St Exupéry,43.976785392,4.6815908377,0,
1285,1285,St Exupéry,43.9770241368,4.6821985527,0,
2,2,St Gabriel,43.9238852076,4.8262826962,0,
31,31,Boccace,43.9478100276,4.8290622212,0,
67,67,Boccace,43.9478665059,4.8289526545,0,
2257,2257,St Jean,43.9471386508,4.8281363952,0,1
2265,2265,St Jean,43.9470957169,4.8280473657,0,1
1545,1545,St Lazare,43.9503664366,4.819538088,0,1
1899,1899,St Lazare,43.9508988609,4.8194617698,0,
2448,2448,St Lazare,43.9512437221,4.8193274475,0,1
399,399,Corot,43.9376225698,4.8709487355,0,
425,425,Corot,43.9378295234,4.8709455236,0,
493,493,St Louis,43.9374322617,4.8867859245,0,
533,533,St Louis,43.9373209389,4.8869302959,0,
400,400,St Martin,43.9427401341,4.8682641566,0,
430,430,St Martin,43.942845933,4.868356014,0,
1746,1746,St Roch,43.9428787143,4.8011356767,0,
1596,1596,Les Roseaux,43.9621523056,4.9300750734,0,
620,620,Les Roseaux,43.962691334,4.9297261013,0,
1045,1045,Bonpas,43.8895699103,4.9135547474,0,
1054,1054,Bonpas,43.889297835,4.9155447933,0,
614,614,St Saturnin Centre,43.9568656586,4.9311036683,0,1
622,622,St Saturnin Centre,43.9566244524,4.9306568252,0,
32,32,St Véran,43.9504903178,4.8298521873,0,
66,66,St Véran,43.9503592393,4.8296845802,0,
108,108,Ste Thérèse,43.9562531406,4.7840231014,0,
150,150,Ste Thérèse,43.9565513189,4.7835628089,0,
495,495,Salvador,43.9352950481,4.9015518179,0,
531,531,Salvador,43.9354080439,4.9017187347,0,
2302,2302,Sanctuaire ND,43.9828096758,4.7016332099,0,
1908,1908,Bel Air,43.9311266124,4.8473723563,0,1
351,351,Bel Air,43.931255279,4.8472535842,0,1
710,710,Sandoz,43.9290687607,4.8686255454,0,
717,717,Sandoz,43.9290687607,4.8686255454,0,
501,501,Saules,43.9429531105,4.8933827431,0,
525,525,Saules,43.9434786445,4.8932196725,0,
2377,2377,Sixte Isnard,43.9376706962,4.8134191058,0,
2378,2378,Sixte Isnard,43.9375771713,4.8119960451,0,
743,743,Bonaventure,43.9564020607,4.8387655637,0,
1237,1237,Soeurs,43.9384623962,4.8777453234,0,
514,514,Soeurs,43.9386603648,4.8777417342,0,
1784,1784,Sorgue Bleue,43.9555459436,4.8583137707,0,
40,40,Sorgue Bleue,43.9552807498,4.8585012126,0,
1956,1956,Souvine,43.9254539103,4.856579621,0,1
1957,1957,Souvine,43.9256469244,4.8564015118,0,1
2395,2395,Simone Veil,43.9471192411,4.8144163677,0,1
228,228,Stade de Coubertin,43.955273354,4.862696982,0,
254,254,Stade de Coubertin,43.9555823594,4.8629473079,0,
1207,1207,Bonn,43.9563999288,4.8888084209,0,
1208,1208,Bonn,43.9563999288,4.8888084209,0,
1537,1537,Courtine,43.9278289085,4.7908875977,0,1
748,748,Synagogue,43.9549467356,4.8253538309,0,
1195,1195,Tayolle,43.9768163265,4.9125713664,0,
1196,1196,Tayolle,43.9769192898,4.9124016511,0,
2343,2343,Tayolle,43.9765589891,4.9139423317,0,
1183,1183,Coubertin,43.9304556972,4.8452642466,0,1
1184,1184,Coubertin,43.9303678505,4.845173246,0,1
1553,1553,Thiers,43.9468697942,4.8174680008,0,1
1586,1586,CCAS,43.94589754,4.8167159268,0,1
1801,1801,Thiers,43.947191483,4.8179551307,0,1
1494,1494,Toulourenc,43.9505978223,4.8431786029,0,
2252,2252,Toulourenc,43.9509324948,4.8438781437,0,
2256,2256,Toulourenc,43.9509754159,4.8439671912,0,
143,143,Tour des Masc,43.9540739826,4.7648672429,0,1
1669,1669,Bonne Fleur,43.9276953192,4.7856425134,0,
1675,1675,Bonne Fleur,43.9275737202,4.7854505974,0,
446,446,Traille,43.9554378559,4.8093382822,0,
473,473,Traille,43.9555215545,4.8092174164,0,
746,746,Troënes,43.9556191143,4.8301645814,0,
434,434,Université,43.9495355974,4.8192901082,0,1
601,601,Université,43.9493347908,4.819418276,0,1
205,205,Les Platanes,43.9468283684,4.6835530382,0,
389,389,Les Platanes,43.9471053174,4.6844732377,0,
175,175,Valabrègue,43.9642047556,4.7812028926,0,
314,314,Van Gogh,43.9429026586,4.8426024082,0,
346,346,Van Gogh,43.9431331303,4.8427495136,0,
880,880,Vedène Centre,43.9800398046,4.9059659884,0,
915,915,Vedène Orsan,43.9692511538,4.9003961264,0,
551,551,Ventoux,43.9411948635,4.8182283723,0,1
580,580,Ventoux,43.9408962578,4.8187007939,0,1
1081,1081,Vercors,43.9566972162,4.8345326039,0,
1194,1194,Verdun,43.9585852965,4.7734899348,0,
2279,2279,Verdun,43.9587099841,4.7735450936,0,1
1238,1238,Vertes Rives,43.937262963,4.8782642369,0,1
419,419,Vertes Rives,43.9373429593,4.8783051597,0,1
491,491,Vertes Rives,43.9370505109,4.8781178069,0,1
855,855,Vertes Rives,43.9369412338,4.8781751535,0,1
114,114,Victor Hugo,43.9553156209,4.7656549485,0,1
144,144,Victor Hugo,43.9552651368,4.7659018057,0,1
5,5,Booth,43.9266784567,4.8276371725,0,
96,96,Booth,43.9264538199,4.827627321,0,
902,902,Croisière,43.9519162772,4.8280721414,0,1
903,903,Croisière,43.9522222277,4.8284590819,0,1
208,208,Wetzlar,43.9437621927,4.8275027506,0,
271,271,Wetzlar,43.9437326727,4.8276134934,0,
1551,1551,Zone Artisanale,43.9574319119,4.7590840424,0,
1552,1552,Zone Artisanale,43.9576543437,4.7591931442,0,
2140,2140,Cristole,43.9257449273,4.8498349948,0,
2141,2141,Cristole,43.925800851,4.8497503555,0,
1273,1273,Collège Anne Frank,43.9378783485,4.9094732332,0,
1274,1274,Collège Anne Frank,43.9378783485,4.9094732332,0,
1282,1282,Galerie,43.959596845,4.7446203428,0,
321,321,Bosco,43.9617033703,4.8785864621,0,
339,339,Bosco,43.9616729261,4.8787345327,0,
1281,1281,Beaulieu,43.960238103,4.7351343534,0,
1284,1284,Beaulieu,43.9603044191,4.7341659142,0,
1283,1283,Michel Ange,43.9588577434,4.7385873589,0,
1304,1304,Michel Ange,43.9592463378,4.7385041873,0,
1291,1291,Les Lavandes,43.9822622524,4.6916203294,0,
1406,1406,Grange Rouge,43.9594849604,4.7622098761,0,1
1407,1407,Grange Rouge,43.9601905758,4.762028342,0,1
1201,1201,Chalancon,43.9616557586,4.8955824901,0,
1202,1202,Chalancon,43.9615849604,4.8959155267,0,
2342,2342,Croix de Joannis,43.9295568487,4.8754675756,0,1
821,821,Croix de Joannis,43.9295568487,4.8754675756,0,
2244,2244,Croix de Joannis,43.9285855349,4.8762331196,0,
1402,1402,Ile des Papes,43.9941019416,4.8178263329,0,
2183,2183,Les Halles,43.9478983253,4.8106159285,0,1
2396,2396,Les Halles,43.9479177109,4.8105545259,0,1
1400,1400,Parc des Libertés,43.9862331889,4.8216930368,0,
1401,1401,Parc des Libertés,43.9859406335,4.8215058145,0,
1308,1308,Paul Puaux,43.9487803528,4.8995589406,0,
1309,1309,Paul Puaux,43.948968264,4.8992188187,0,
2132,2132,Raspail,43.9446819234,4.7985623651,0,
1404,1404,Rouvre,43.9595504603,4.7552272377,0,
1405,1405,Rouvre,43.9597032211,4.7552337458,0,
2017,2017,Valliguières,43.9685446916,4.6745754138,0,1
2018,2018,Valliguières,43.9688590027,4.6754351907,0,1
1251,1251,Boutons d'Or,43.9262725992,4.8801370155,0,1
407,407,Boutons d'Or,43.926176026,4.8808047238,0,1
2275,2275,Les Mousselières,43.9578354119,4.759947954,0,1
2276,2276,Les Mousselières,43.9576722389,4.7608125838,0,1
1423,1423,Font des Caven,43.9740931464,4.6958771396,0,
1424,1424,Font des Caven,43.9740931464,4.6958771396,0,
685,685,Croix des Oiseaux,43.9343742225,4.8234690577,0,1
691,691,Croix des Oiseaux,43.9342450129,4.8236127583,0,1
1116,1116,Rochefort Centre,43.9757874674,4.6890724081,0,1
1131,1131,Rochefort Centre,43.9758301794,4.6879283191,0,1
111,111,Mairie des Angles,43.9542339171,4.7734027745,0,1
147,147,Mairie des Angles,43.9540429856,4.7734941848,0,1
1589,1589,Cité SNCF,43.9347646017,4.830381603,0,
1590,1590,Cité SNCF,43.9350164812,4.8303802162,0,
29,29,Fourrière,43.9477394707,4.8238925795,0,
69,69,Fourrière,43.9478652693,4.8238980901,0,
1437,1437,Gare de Morières,43.9416651944,4.9079518021,0,
1438,1438,Gare de Morières,43.9417481197,4.9078684169,0,
1782,1782,Bramo Set,43.9649109206,4.7805981983,0,
1808,1808,Bardi,43.9798809282,4.906980266,0,
1433,1433,Gromelle,43.9663949657,4.9249136563,0,
1434,1434,Gromelle,43.9664465896,4.9242559426,0,
184,184,Le Lozet,43.965410317,4.7735712253,0,
867,867,Le Lozet,43.9655150828,4.7737127076,0,
1456,1456,Font d'Irac,43.9456732545,4.7785253298,0,
1457,1457,Font d'Irac,43.9456732545,4.7785253298,0,
1535,1535,Croix Verte,43.9547894398,4.8373124188,0,1
1536,1536,Croix Verte,43.9545060654,4.8367271893,0,1
1458,1458,Ceriseraie,43.9478604741,4.7812586434,0,
1459,1459,Ceriseraie,43.9478604741,4.7812586434,0,
1460,1460,Petit Nice,43.9491270623,4.782931622,0,
1461,1461,Petit Nice,43.9491270623,4.782931622,0,
2397,2397,Guillaume Puy,43.9503822468,4.8141105637,0,1
1471,1471,Racine,43.9503199258,4.8049820047,0,
2353,2353,Vernet,43.9475892897,4.8032324341,0,
112,112,Alain Fournier,43.955105931,4.7710122856,0,
146,146,Alain Fournier,43.9549629925,4.7709688043,0,
161,161,Belle Rive,43.956893427,4.7939246043,0,1
200,200,Belle Rive,43.9569436938,4.7936902041,0,1
1476,1476,Stade Gorlier,43.9461804596,4.8354020255,0,1
2262,2262,Stade Gorlier,43.9461490883,4.8352014577,0,1
1491,1491,Félons,43.9140842419,4.892817643,0,1
2239,2239,Félons,43.9143253799,4.8928907054,0,1
2307,2307,Clg Lou Vignarès,43.9737472817,4.9134036093,0,1
2330,2330,Clg Lou Vignarès,43.9735205833,4.9134805058,0,1
448,448,Dardene,43.9582901397,4.8148292194,0,
471,471,Dardene,43.9584092207,4.8147348033,0,
1498,1498,Petit Flory,43.9908852676,4.9133097922,0,
1501,1501,Petit Flory,43.9907086498,4.9135509588,0,
1499,1499,Confines,43.9840469753,4.911491866,0,
2096,2096,Confines,43.9844545723,4.9121332614,0,
2401,2401,Confines,43.9836657671,4.9139163021,0,1
1503,1503,Monod,43.9374472062,4.8082188887,0,
1504,1504,Monod,43.9374404237,4.8085173253,0,
1506,1506,Cannebières,43.9598056906,4.9413247384,0,
1507,1507,Cannebières,43.9595691808,4.9399316384,0,
2238,2238,Pont Bleu,43.9211404022,4.8888046545,0,1
2243,2243,Pont Bleu,43.9208867735,4.8888803669,0,1
1452,1452,La Diane,43.960056263,4.7241816009,0,1
1453,1453,La Diane,43.9597642654,4.7256012596,0,1
1518,1518,Valentin,43.9240879493,4.886236606,0,1
2241,2241,Valentin,43.9242639158,4.8860205005,0,1
1520,1520,Les Granges,43.9256877714,4.8824504778,0,1
2237,2237,Les Granges,43.9261161536,4.8825941287,0,1
1542,1542,Albert Lebrun,43.9488760627,4.8370893304,0,
2255,2255,Albert Lebrun,43.9484460607,4.8366222044,0,
209,209,Neuf Peyres,43.9418131777,4.8273799144,0,1
270,270,Neuf Peyres,43.9415593036,4.8274683643,0,1
1750,1750,Allende,43.9290963588,4.8016577397,0,1
2001,2001,Allende,43.9290662315,4.802589829,0,1
1557,1557,Joliot Curie,43.9816352366,4.9084923242,0,
1558,1558,Joliot Curie,43.9817001936,4.9084080666,0,
1425,1425,Marché de Villeneuve,43.9627952067,4.7994351005,0,
2336,2336,Martelange,43.9338743321,4.8031595369,0,
1601,1601,Les Cades,43.9687660391,5.0146469365,0,
1602,1602,Les Cades,43.9689544184,5.0146682802,0,
1605,1605,Rochefort Stade,43.9795851928,4.6856425532,0,
1847,1847,Rochefort Stade,43.978933903,4.6849803578,0,
2310,2310,Technopôle,43.9114606711,4.8846497116,0,1
2311,2311,Technopôle,43.9115881652,4.8849664765,0,1
1613,1613,Carpeaux,43.9488980062,4.8517437694,0,
1614,1614,Carpeaux,43.9491475878,4.8518419746,0,
2324,2324,Maréchaux,43.9772358313,4.7868959688,0,1
2325,2325,Maréchaux,43.977275697,4.786723309,0,1
2266,2266,Baigne Pieds,43.9261503619,4.7994889707,0,1
1623,1623,Rhône Durance,43.9217471579,4.8028818481,0,1
1624,1624,Rhône Durance,43.9219855375,4.8030788536,0,1
179,179,Daulands,43.9826602382,4.8751776006,0,1
241,241,Daulands,43.9825393733,4.8749604181,0,1
1627,1627,Petits Rougiers,43.9779729789,4.8717417305,0,1
1628,1628,Petits Rougiers,43.9780167475,4.8717935112,0,1
1799,1799,La FabricA,43.9355761816,4.7955289395,0,1
1800,1800,La FabricA,43.935554566,4.7952915167,0,1
1642,1642,Pimparins,43.9622579876,4.7560274704,0,1
1643,1643,Pimparins,43.9622820449,4.7557545441,0,1
1912,1912,Monteverdi,43.9283908688,4.7994492237,0,
1661,1661,Ste Geneviève,43.9303188412,4.7821713373,0,
1676,1676,Ste Geneviève,43.9302112929,4.7821542612,0,
1684,1684,Souspirous,43.934444345,4.869923186,0,
1685,1685,Souspirous,43.9344655017,4.8697872147,0,
502,502,Campveires,43.945254531,4.8919053107,0,
524,524,Campveires,43.9451872511,4.8920890221,0,
1694,1694,Saumades,44.0069092474,4.9415186476,0,
1707,1707,Le Béal,44.0047078023,4.926711732,0,1
1770,1770,Le Béal,44.0046278206,4.9266706924,0,1
1732,1732,Le Ponant,43.9595699208,4.7466488278,0,
173,173,De Lattre,43.96886271,4.7804570032,0,1
188,188,De Lattre,43.9688051621,4.7806164262,0,
1733,1733,Parc du Cosmos,43.9609699562,4.7536813995,0,1
1734,1734,Parc du Cosmos,43.9610487522,4.7533734528,0,1
2259,2259,Chateaubriand,43.9508214306,4.8549166519,0,
2264,2264,Chateaubriand,43.9508019597,4.85459208,0,
1764,1764,Cinq Cantons,43.9383269265,4.842101752,0,1
1765,1765,Cinq Cantons,43.9383396359,4.8419404949,0,1
1773,1773,Le Parc,43.9624233257,4.7844260933,0,
2129,2129,Le Parc,43.9624174481,4.7846873427,0,
107,107,Candau,43.9536347478,4.7856657653,0,
151,151,Candau,43.9536684752,4.7861652443,0,
1779,1779,Pont de l'Avocat,43.9654916674,5.0003567706,0,
1780,1780,Pont de l'Avocat,43.9655445108,5.0000354384,0,
1785,1785,Gare de Montfavet,43.9334217662,4.8725038046,0,
1786,1786,Gare de Montfavet,43.9331571318,4.87266624,0,
1787,1787,Primevères,43.9314803382,4.8735995078,0,
2236,2236,Primevères,43.9318096113,4.873365291,0,
2291,2291,P+R Italiens,43.9535167194,4.8229877558,0,1
2306,2306,Toscane,43.9529127654,4.8206828443,0,1
702,702,Demonque,43.9132423515,4.8869194549,0,1
724,724,Demonque,43.9132930551,4.8870585959,0,1
1809,1809,Molière,43.9562608144,4.7680361907,0,
1810,1810,Molière,43.9562375605,4.7682717653,0,
2250,2250,Cannonets,43.9526219447,4.9021976485,0,1
2251,2251,Cannonets,43.9525170537,4.9020683993,0,1
1708,1708,Avignon Poste,43.9431198579,4.8047810678,0,1
1712,1712,Avignon Poste,43.9431662408,4.8043224933,0,1
1714,1714,Avignon Poste,43.9431991225,4.8040625058,0,1
1716,1716,Avignon Poste,43.9432320035,4.8038025181,0,1
1718,1718,Avignon Poste,43.9432558983,4.8035421397,0,1
1720,1720,Avignon Poste,43.9431037062,4.8035106313,0,
1722,1722,Avignon Poste,43.94307139,4.8037457464,0,1
1726,1726,Avignon Poste,43.9430230346,4.8042913733,0,1
1728,1728,Avignon Poste,43.9429904345,4.8045389237,0,1
1932,1932,Gare Centre,43.942442638,4.8064819384,0,1
1933,1933,Gare Centre,43.9425285916,4.8062616081,0,1
2309,2309,Jaurès,43.943552771,4.8055218962,0,1
802,802,Avignon Poste,43.9433522418,4.8032600113,0,
1710,1710,Avignon Poste,43.9431524585,4.8045335169,0,
2076,2076,Violette,43.9375389289,4.8045758601,0,
2079,2079,Violette,43.9374746186,4.8046353012,0,
1820,1820,Buld'Air,43.9798048782,4.889574526,0,1
1824,1824,Agroparc Centre,43.9162795806,4.8874290898,0,1
1825,1825,Agroparc Centre,43.916208574,4.8873885728,0,1
1827,1827,Valente,43.9189525201,4.8719823354,0,1
1828,1828,Valente,43.9190681691,4.8720372707,0,1
447,447,Canotiers,43.9558318407,4.8125803031,0,
472,472,Canotiers,43.955919433,4.812683733,0,
2289,2289,Campus S & T,43.9252125796,4.8091052091,0,1
2290,2290,Campus S & T,43.9255359976,4.8095175125,0,1
2008,2008,D'Arbaud,43.9264563685,4.8117603043,0,
2009,2009,D'Arbaud,43.9264655662,4.812146493,0,
210,210,Deux Frères,43.9402136639,4.8292765212,0,1
269,269,Deux Frères,43.9403501571,4.829207825,0,1
43,43,Achard,43.9617773748,4.8622766003,0,
54,54,Achard,43.9616266417,4.8621827248,0,
490,490,Cantonne,43.9364657024,4.8758137815,0,
850,850,Cantonne,43.9362781846,4.8753697439,0,
1861,1861,Place Thomas,43.9630369406,4.8607137474,0,1
1862,1862,Place Thomas,43.9628377343,4.8599950694,0,1
1884,1884,Salle de Montfavet,43.9167860195,4.8888454496,0,1
1885,1885,Salle de Montfavet,43.9170984585,4.8889465881,0,1
1895,1895,François 1er,43.9290657613,4.8251158905,0,
1896,1896,François 1er,43.9289396798,4.825122812,0,
1914,1914,St Gens,43.9303845194,4.7852482009,0,
2123,2123,St Gens,43.930969307,4.7836430356,0,1
2124,2124,St Gens,43.92999724,4.784472335,0,1
1923,1923,Cap Sud,43.9305091722,4.8374755355,0,1
2034,2034,Cap Sud,43.9304689824,4.8368763687,0,1
1918,1918,St Agricol,43.9491109347,4.8035599805,0,
2333,2333,Confluence,43.9242003046,4.7874704511,0,
2334,2334,Confluence,43.9240062438,4.7869020934,0,
2445,2445,Confluence,43.9245291102,4.7872481974,0,1
2472,2472,Confluence,43.9242570003,4.7869502424,0,1
2020,2020,City Stade,43.9562015005,4.8915139675,0,1
2021,2021,City Stade,43.9561414533,4.8917727505,0,1
116,116,Diderot,43.9551420007,4.7621488406,0,
142,142,Diderot,43.9552132209,4.7617783585,0,
401,401,Verdière,43.9424314788,4.8737900081,0,
431,431,Verdière,43.9423630765,4.8736375691,0,
1270,1270,Filles d'Avignon,43.9262218199,4.8761523253,0,
1976,1976,Filles d'Avignon,43.92610414,4.8761843989,0,
1953,1953,Campus CCI,43.9279507618,4.8462363498,0,1
1954,1954,Campus CCI,43.9276999396,4.8458021304,0,1
1958,1958,Stade Gillardeaux,43.9235187774,4.8092305899,0,
1959,1959,Stade Gillardeaux,43.9232081808,4.809441063,0,1
2022,2022,Four D242,44.0090851007,4.8012954315,0,
1963,1963,Institut Sancta Maria,43.9603554912,4.7931654589,0,
1964,1964,Jean Monnet,43.9405939106,4.8965504212,0,
1965,1965,Jean Monnet,43.9407463681,4.8965697424,0,
1967,1967,Les Hautures,44.0035846569,4.947372837,0,
2340,2340,Les Hautures,44.0037835317,4.9473321405,0,
1163,1163,Lou Castelet,43.9444241033,4.8812862195,0,
1968,1968,Lou Castelet,43.9444241033,4.8812862195,0,
2263,2263,Lou Castelet,43.9445840946,4.881368084,0,
1972,1972,Four Pujaut,44.0050445372,4.7850315438,0,
1983,1983,Four Pujaut,44.0049097458,4.785025726,0,
2339,2339,Champfleury,43.9409696328,4.8032187595,0,
127,127,Dinarelle,43.9637371772,4.751794348,0,
131,131,Dinarelle,43.9637311017,4.7520680476,0,
1975,1975,Vedène Eglise,43.9775661203,4.9021544302,0,
1648,1648,Puits Carré,44.0015517768,4.7771424643,0,1
1649,1649,Puits Carré,44.000773167,4.7777693966,0,1
1650,1650,Mas de Carles,43.986458293,4.7839679738,0,
1651,1651,Mas de Carles,43.987999622,4.783424004,0,
2293,2293,Marché de Pujaut,44.003233273,4.775158668,0,
2294,2294,Marché de Pujaut,44.0032338307,4.7751337691,0,
1652,1652,Valergue,44.0282427555,4.7953959381,0,
1653,1653,Valergue,44.0284909951,4.7955563072,0,
1654,1654,Place Mairie,44.024048473,4.7943165212,0,
1655,1655,Place Mairie,44.0239917458,4.7944387235,0,
1656,1656,Avenue de Provence,44.0188221858,4.7935291143,0,
1657,1657,Avenue de Provence,44.0196284107,4.793676228,0,
2166,2166,Four D980,44.0106794041,4.8031843354,0,
2167,2167,Four D980,44.011038525,4.8036112406,0,
9011,9011,Jouveau,43.9315582961,4.8096925997,0,1
9012,9012,Jouveau,43.9319991546,4.8096869041,0,1
9013,9013,Place St Ruf,43.9363815105,4.8103880629,0,1
9014,9014,Place St Ruf,43.9363843388,4.8102637167,0,1
651,651,Droits de l'Homme,43.9470844443,4.8352052687,0,
663,663,Droits de l'Homme,43.9468765033,4.8348599858,0,
9017,9017,Gare Centre,43.9426951333,4.80605723,0,1
9018,9018,Gare Centre,43.9425791669,4.8060148422,0,1
9019,9019,St Roch,43.9433370708,4.7999605221,0,1
9020,9020,St Roch,43.943239355,4.7999064897,0,1
2045,2045,Limbert,43.9438158467,4.8145211963,0,1
2046,2046,Limbert,43.9439827257,4.8154870224,0,1
2048,2048,St Tronquet,43.9793097951,4.873433272,0,1
2049,2049,St Tronquet,43.9792631267,4.8735059258,0,1
2052,2052,Tour Blanche,43.9662224366,4.8637571209,0,1
2053,2053,Tour Blanche,43.9662357845,4.8639569752,0,1
2211,2211,Carmes,43.9503348475,4.8138221452,0,1
2054,2054,Verdi,43.9316181304,4.7991286688,0,1
2055,2055,Verdi,43.931779613,4.7987498482,0,1
2056,2056,Schuman,43.9249391618,4.8041155444,0,1
2057,2057,Schuman,43.9248824273,4.8042375237,0,1
2060,2060,Magnanarelles,43.9186873772,4.8787148173,0,1
2061,2061,Magnanarelles,43.9186250619,4.878687142,0,1
2062,2062,Maria Casarès,43.9354854271,4.8295419759,0,1
2063,2063,Maria Casarès,43.935886909,4.8288999124,0,1
1209,1209,Dublin,43.9569926306,4.8850123513,0,
1210,1210,Dublin,43.9568574607,4.8857907473,0,
2064,2064,Croix Rouge,43.9370426282,4.8255650027,0,1
2065,2065,Croix Rouge,43.9371832216,4.8249239108,0,1
2072,2072,Les Ferrailles,44.0018318629,4.923577106,0,1
2073,2073,Les Ferrailles,44.0018279055,4.9233650737,0,1
2134,2134,Folard,43.9517056234,4.9025297645,0,1
2139,2139,Folard,43.9510740086,4.9026132751,0,1
2085,2085,Quiot,43.9333397543,4.7985685578,0,1
2088,2088,Quiot,43.9334708792,4.7987360429,0,1
2086,2086,Mouret,43.9380216454,4.7967675199,0,1
2087,2087,Mouret,43.9378952836,4.7967869404,0,1
2090,2090,L'Autre Scène,43.9798809282,4.906980266,0,1
2388,2388,L'Autre Scène,43.9791101466,4.9080041826,0,1
2122,2122,Petit Mas,43.9350955079,4.7817422496,0,1
2125,2125,Petit Mas,43.9350430308,4.7820760458,0,1
2127,2127,Grand Pré,43.9398959205,4.9002160571,0,1
2260,2260,Grand Pré,43.9400478915,4.8998743683,0,
2147,2147,Portugaises,43.9442653385,4.908306081,0,
2148,2148,Portugaises,43.9448402663,4.9087180478,0,
2149,2149,Boiseaumarie,43.9419797133,4.9087254124,0,
2150,2150,Boiseaumarie,43.9425780344,4.9085284359,0,
185,185,Ducros,43.9651408606,4.7779680439,0,
866,866,Ducros,43.9656046114,4.776941922,0,
1644,1644,Croix de Fer,44.0074525103,4.7678875728,0,
1645,1645,Croix de Fer,44.0073840471,4.7681338845,0,
1990,1990,Ferry,43.9380939512,4.7995339415,0,1
1529,1529,Ferry,43.9381021825,4.7979783917,0,
2447,2447,Carreterie,43.9515360779,4.8167630203,0,1
1974,1974,La Velle,44.0049472408,4.778148411,0,
1984,1984,La Velle,44.0050500491,4.7783771491,0,
2402,2402,Lou Valat,43.9810896881,4.9163405871,0,1
2403,2403,Magali,43.9792169849,4.9175509711,0,1
2389,2389,St Didier,43.9462459296,4.8057510362,0,1
1917,1917,Hôtel de Ville,43.9490068394,4.80537311,0,
2040,2040,Stade Nautique,43.9294398065,4.8389965904,0,1
119,119,Carrières,43.9612853292,4.759721658,0,
139,139,Carrières,43.9611626938,4.759977918,0,
897,897,EREA,43.9710999167,4.9001931724,0,
898,898,EREA,43.9709073091,4.9007324911,0,
2069,2069,Bavardages,43.9348420023,4.8281819371,0,1
2070,2070,Bavardages,43.9348624065,4.8284691062,0,1
2099,2099,St Maurice,43.9454929013,4.8636063922,0,
2100,2100,St Maurice,43.9453056513,4.8635358132,0,
2101,2101,La Halte,43.9263982969,4.8770687065,0,1
2102,2102,La Halte,43.9260872781,4.8772912513,0,1
2103,2103,Agrosciences,43.9120569388,4.8902877939,0,1
2104,2104,Agrosciences,43.9119569342,4.8903330669,0,1
2277,2277,Sergent Ménassier,43.9580538928,4.7650748256,0,1
2278,2278,Sergent Ménassier,43.9579958124,4.765259113,0,1
2131,2131,Mistral,43.9467710374,4.7996488766,0,
2133,2133,Observance,43.9445876175,4.8019318694,0,
9007,9007,Trillade,43.9293958735,4.8193307678,0,1
9008,9008,Trillade,43.9293659793,4.8198521697,0,1
2319,2319,Newton Avi Nord,43.9806380423,4.8781889271,0,1
2320,2320,Newton Avi Nord,43.9814557097,4.8786117205,0,1
2329,2329,Aéroport,43.9037542626,4.8964333272,0,
14,14,Echo,43.936441739,4.8156433039,0,
2379,2379,Echo,43.937526074,4.8162134202,0,
320,320,Cassagne,43.9617464288,4.8752012199,0,
340,340,Cassagne,43.961593342,4.8763649364,0,
2153,2153,Beauchamps,44.0075256069,4.7415080799,0,
2154,2154,Beauchamps,44.0075735628,4.7413730286,0,
2155,2155,Boucarut,44.0398452116,4.7414450847,0,
2156,2156,Cavallière,44.0413616529,4.7485298293,0,
2157,2157,Centre Commercial,44.0459309575,4.7868349347,0,
2158,2158,Centre Commercial,44.0456613882,4.787222349,0,
2161,2161,Claire Fontaine,44.0117552601,4.7637098677,0,1
2162,2162,Claire Fontaine,44.0120298414,4.7634972778,0,1
2323,2323,Clg Paul Valéry,44.0489762919,4.7810051822,0,
656,656,Cassin,43.9472606412,4.8427947449,0,
657,657,Cassin,43.9472296729,4.8429676707,0,
2170,2170,La Barotte,44.0388940159,4.7490732459,0,
2172,2172,La Gallinière,44.0329082519,4.7468237172,0,
455,455,Barthelasse Ecole,43.9686385061,4.8307739003,0,
464,464,Barthelasse Ecole,43.9687223678,4.830254512,0,
2173,2173,Le Coquillon,44.0371700299,4.7350847933,0,
2174,2174,Le Porge,44.0240687577,4.7471211849,0,
2175,2175,Piscine,44.0481997421,4.7743120084,0,
2176,2176,Piscine,44.0482053165,4.774062822,0,
2178,2178,Roquemaure Centre,44.0526686747,4.7796053783,0,
2179,2179,Roquemaure Centre,44.0527431271,4.7798954509,0,
672,672,Castelette,43.921144592,4.868620769,0,1
677,677,Castelette,43.9213503736,4.8682815112,0,1
2350,2350,Truel,44.0417743347,4.7716290321,0,
2351,2351,Truel,44.0418386313,4.7715694443,0,
2185,2185,Ninon Vallin,43.9437422237,4.8118290942,0,
2186,2186,Trillade,43.9289563163,4.8208547787,0,
2187,2187,Trillade,43.9287892838,4.8206856839,0,
2203,2203,Trillade,43.9296223004,4.8200500586,0,1
2201,2201,Scheppler FabricA,43.9354713392,4.7981755405,0,1
2202,2202,Scheppler FabricA,43.9355578182,4.7983286491,0,1
2216,2216,Amarinié,43.9636071284,4.7556242234,0,
2217,2217,Amarinié,43.9636862066,4.7553038242,0,
451,451,EDF,43.9723136194,4.819925279,0,
468,468,EDF,43.9719958098,4.8196622781,0,
2214,2214,Bosquets,43.9618201489,4.7526591589,0,
2215,2215,Bosquets,43.9617261456,4.7528419413,0,
2222,2222,Rheinbach,43.9803378449,4.7853482817,0,
2223,2223,Rheinbach,43.9804762738,4.7851923206,0,
1587,1587,Caumont Balarucs,43.886041368,4.9665984399,0,
1588,1588,Caumont Balarucs,43.8862887659,4.9664108993,0,1
2273,2273,Sémaphore,43.93574714,4.8474895,0,1
2274,2274,Sémaphore,43.9358022866,4.847828007,0,1
2287,2287,Chapelle St Joseph,44.041996252,4.7705536802,0,
2288,2288,Chapelle St Joseph,44.0420082996,4.7704170283,0,
2327,2327,Clément Ader,43.9051561404,4.8968696993,0,
2328,2328,Clément Ader,43.9053535196,4.8968910336,0,
2331,2331,Lauzon,43.9523445625,4.8434922798,0,
2332,2332,Lauzon,43.9525470948,4.8421192012,0,
2344,2344,Canal Crillon,43.9676973009,4.8822922426,0,
2345,2345,Canal Crillon,43.9682007813,4.8823023693,0,
2346,2346,Les Sablèyes,43.9768060585,4.7497722054,0,
2347,2347,Les Sablèyes,43.9769141262,4.7489547359,0,
454,454,Cave,43.9710244304,4.8259591707,0,
465,465,Cave,43.9713537721,4.8261106167,0,
1579,1579,Lycée René Char,43.9461987528,4.8525579043,0,1
1580,1580,Lycée René Char,43.9463955023,4.8522180406,0,1
2349,2349,Caderache,44.0347585336,4.7744323436,0,
2348,2348,Caderache,44.0345206417,4.774210154,0,
2352,2352,Chagall,43.9562233412,4.8825248427,0,
908,908,Cèdre Bleu,43.9552532624,4.8413919456,0,1
909,909,Cèdre Bleu,43.9552818288,4.8409325103,0,1
1593,1593,Le Pontet Centre,43.9614666493,4.8593862045,0,1
45,45,Le Pontet Centre,43.9612278879,4.8576571316,0,1
2390,2390,Aulanière,43.9334159889,4.7844329892,0,1
2391,2391,Aulanière,43.9336125542,4.7844912458,0,1
2398,2398,Duffaut,43.9209489329,4.8047634956,0,1
2399,2399,Duffaut,43.9211485897,4.8046850653,0,1
2408,2408,Venus,43.9304000012,4.8245894006,0,1
2409,2409,Venus,43.9309806457,4.8247641854,0,1
2413,2413,Les Glaïeuls,43.9654091962,4.8820526361,0,1
2414,2414,Les Glaïeuls,43.9645859474,4.8826383934,0,1
2415,2415,Les Bleuets,43.9628168824,4.8802054137,0,1
2446,2446,Les Bleuets,43.9650366229,4.8799063674,0,1
2417,2417,Le Couchant,43.9612469846,4.7423991586,0,1
1751,1751,Eglantines,43.9298558493,4.7987037923,0,
1752,1752,Eglantines,43.9296188457,4.7988428636,0,
2421,2421,P+R Agroparc,43.9093637293,4.894658102,0,1
2418,2418,P+R Agroparc,43.9094896016,4.8942780836,0,1
2428,2428,P+R Agroparc,43.9093165448,4.8943698247,0,1
2429,2429,P+R Agroparc,43.9089996448,4.8948407718,0,1
2422,2422,L'Entrepôt,43.9409957172,4.8060331219,0,1
2425,2425,PEM Gare Routière,43.9421956286,4.8078529444,0,1
2426,2426,Montaigne,43.9100780278,4.8910573177,0,1
2427,2427,Montaigne,43.909906434,4.8910869275,0,1
2437,2437,Gloriette,43.9358232965,4.8484761802,0,1
2457,2457,Gloriette,43.9360958143,4.8487496218,0,1
2438,2438,Le Signal,43.9172830766,4.8822231486,0,1
2439,2439,Le Signal,43.9173352417,4.8823001449,0,1
2240,2240,Fontcouverte,43.9387736547,4.8402792144,0,1
705,705,Fontcouverte,43.9385186255,4.8404173416,0,1
2443,2443,La Matte,43.9346873844,4.8548111341,0,1
2444,2444,La Matte,43.9340014982,4.8560751728,0,1
2449,2449,Le Pesquier,43.9446568647,4.6783097707,0,1
2169,2169,Romain Rolland,44.050367168,4.783559527,0,
2381,2381,Romain Rolland,44.0503458377,4.7837082681,0,
952,952,Charles de Gaulle,43.9573598895,5.0299486015,0,
436,436,Eisenhower,43.9395870857,4.7975448475,0,1
846,846,Eisenhower,43.9391198314,4.7975245995,0,1
2453,2453,Fromental,44.0037231173,4.9249968225,0,1
2454,2454,Fromental,44.0040798767,4.925125263,0,1
2455,2455,Jean Moulin,43.9488752318,4.9357435627,0,1
910,910,Agassins,43.9568661855,4.8479005841,0,1
911,911,Agassins,43.956766885,4.8471366445,0,1
2460,2460,La Grangette,43.958903988,5.0427613349,0,1
2461,2461,La Grangette,43.9588869582,5.0430843032,0,1
2464,2464,Pierre Sémard,44.049723591,4.7749512376,0,1
2465,2465,Pierre Sémard,44.0495722805,4.7752814623,0,1
2466,2466,11 Novembre,44.0502462473,4.7817334243,0,1
2467,2467,11 Novembre,44.0499454634,4.7815084302,0,1
169,169,Collège le Mourion,43.9753600419,4.7831157448,0,1
192,192,Collège le Mourion,43.9753774882,4.7835399788,0,1
1985,1985,Collège le Mourion,43.9757302102,4.7838541164,0,
432,432,Clg Alphonse Tavan,43.9415345217,4.8779201446,0,
170,170,Cévennes,43.9744991137,4.7806000587,0,1
191,191,Cévennes,43.9747452138,4.7816568932,0,1
684,684,Péguy,43.9354975274,4.8231199475,0,
692,692,Péguy,43.9358643404,4.8228123885,0,
707,707,Lac St Chamand,43.9349056606,4.8531529372,0,1
720,720,Lac St Chamand,43.9351804836,4.851771064,0,1
2303,2303,Delteil,43.9571149137,4.8363191103,0,
1236,1236,Etoiles,43.9399636083,4.8762440449,0,
513,513,Etoiles,43.9402340407,4.8762187948,0,
230,230,Farandole,43.9557645893,4.8659437666,0,
252,252,Farandole,43.9555338361,4.8654229782,0,
231,231,Ferme St Louis,43.957275368,4.8671192869,0,
251,251,Ferme St Louis,43.9574124653,4.8670257832,0,
219,219,Florence,43.9454998645,4.8430905036,0,1
260,260,Florence,43.9454885863,4.8431895985,0,1
293,293,Fontaine du Buis,43.9513106029,4.7111773498,0,
336,336,Fontaine du Buis,43.9507534413,4.7107432124,0,
313,313,Les Oeillets,43.9405828598,4.8421763888,0,
347,347,Les Oeillets,43.9405868702,4.8420022936,0,
1674,1674,Forum,43.9331090296,4.7808850729,0,
279,279,Forum,43.9334586328,4.780937457,0,
2136,2136,France,43.9542005655,4.9008619893,0,1
2254,2254,France,43.9540326717,4.9011158827,0,1
638,638,Château d'Eau,43.9489119904,4.9387208744,0,1
1876,1876,Frédéric Mistral,43.969688087,4.7953254046,0,1
1926,1926,Frédéric Mistral,43.9699725418,4.795474723,0,1
747,747,Courbet,43.9555439102,4.8283433987,0,
160,160,Villeneuve Gare,43.9544490206,4.7918391283,0,
201,201,Villeneuve Gare,43.9558303048,4.7924093584,0,1
1078,1078,Galaxie,43.9415420227,4.8242933297,0,1
1079,1079,Galaxie,43.9419441568,4.823227951,0,1
4,4,Garance,43.9256080718,4.8284240238,0,
97,97,Garance,43.9253096879,4.8280998193,0,
1126,1126,2ème DB,43.9604126486,4.7516404605,0,1
128,128,2ème DB,43.9604389035,4.7512680199,0,1
322,322,Arbalestière,43.9613844375,4.8799170791,0,
338,338,Arbalestière,43.961359778,4.8802023878,0,
616,616,St Saturnin Gare,43.9537266577,4.93599057,0,1
639,639,St Saturnin Gare,43.95425857,4.9359402151,0,1
1962,1962,Garrigotte,43.97222594,4.8913260898,0,
893,893,Garrigotte,43.9720960534,4.8914946159,0,
1241,1241,Garrigues,43.930539095,4.881161966,0,
417,417,Garrigues,43.930470961,4.8813829415,0,
2283,2283,Rouges Gorges,43.9978730335,4.9167922586,0,1
930,930,Rouges Gorges,43.998085442,4.9169389903,0,1
229,229,Gavotte,43.9550789692,4.86409533,0,
253,253,Gavotte,43.955076312,4.8634352927,0,
105,105,Général Leclerc,43.9547590183,4.7908564646,0,
153,153,Général Leclerc,43.9545745323,4.7910601538,0,
129,129,Grand Angles,43.9604133773,4.7491750137,0,
2450,2450,Grand Angles,43.9608860471,4.749356977,0,1
1019,1019,Grand Avignon,43.9103498932,4.8875236757,0,1
1020,1020,Grand Avignon,43.910388167,4.8874258611,0,1
843,843,Grand Montagné,43.9611880957,4.7568161647,0,
885,885,Grand Montagné,43.9610105907,4.7567089807,0,
134,134,Grand Terme,43.9649169908,4.769490369,0,1
1700,1700,Grand Terme,43.9650114682,4.7700921627,0,1
180,180,Grand Terme,43.965307642,4.7697188141,0,1
183,183,Grand Terme,43.9650469659,4.7693091443,0,1
711,711,Grange Neuve,43.9279862139,4.8706930042,0,
716,716,Grange Neuve,43.9280766466,4.870672148,0,
318,318,Grangette,43.9630116627,4.8687697451,0,
342,342,Grangette,43.9629554333,4.8688668613,0,
750,750,Granier,43.9515628255,4.8211093453,0,
1428,1428,Les Deux Rhône,43.9649513577,4.8177601186,0,
1429,1429,Les Deux Rhône,43.9649750025,4.8175120873,0,
2321,2321,Signargues,43.9634748119,4.6668952983,0,
2322,2322,Signargues,43.963764356,4.6676543184,0,
370,370,Hôpital,43.9182002553,4.8042085747,0,1
22,22,Horloge,43.9482651662,4.8059508893,0,
2224,2224,Horloge,43.9478706432,4.8058963837,0,
9016,9016,Arrousaire,43.9405824422,4.8095752337,0,1
9015,9015,Arrousaire,43.9406436451,4.8096525861,0,1
2295,2295,Grégoire XI,43.9603477848,4.866123069,0,
2296,2296,Grégoire XI,43.9605370595,4.8661065979,0,
42,42,De Fargis,43.9600917727,4.8612676772,0,1
53,53,De Fargis,43.9601219045,4.8611320409,0,1
1145,1145,Jardins,43.9614059638,4.7171780915,0,
1147,1147,Jardins,43.961630883,4.7167641547,0,
41,41,Jardins de Fargues,43.9588667747,4.8605656889,0,
52,52,Jardins de Fargues,43.9584343141,4.8605962701,0,
745,745,Jardins Neufs,43.9563296931,4.8329101995,0,
1699,1699,Aubanel,43.9535954624,4.8112501545,0,1
2281,2281,Aubanel,43.9535505126,4.8096669565,0,1
753,753,Aubanel,43.9534874848,4.8104610549,0,1
1233,1233,Jarretière,43.9406097765,4.8709077771,0,
404,404,Jarretière,43.9406689043,4.8706863487,0,
2304,2304,Amandier,43.9346121871,4.8479496388,0,
2305,2305,Amandier,43.9346797636,4.8481393283,0,
113,113,Jean Rey,43.9562135344,4.7701508491,0,
145,145,Jean Rey,43.9560703171,4.7701198082,0,
800,800,Jean Vilar,43.9776509375,4.7884335073,0,1
801,801,Jean Vilar,43.977624244,4.7880213104,0,1
1027,1027,Jourdans,43.8893296336,4.959686151,0,
1028,1028,Jourdans,43.8899741766,4.9583228949,0,
2317,2317,Clg Jules Verne,43.9561745751,4.8602965819,0,1
2318,2318,Clg Jules Verne,43.9563295528,4.8594318621,0,1
1222,1222,LEP Eguilles,43.9866769983,4.8976203794,0,1
2272,2272,LEP Eguilles,43.9864777589,4.8980598881,0,1
1119,1119,La Bégude,43.9596401195,4.733291147,0,1
1128,1128,La Bégude,43.9593652247,4.7322958662,0,1
1046,1046,La Cave,43.8924368169,4.9513094959,0,1
1053,1053,La Cave,43.892435936,4.9517199105,0,1
612,612,La Chapelle,43.9552709162,4.9236593973,0,1
624,624,La Chapelle,43.9548862108,4.9231936102,0,1
660,660,Auriol,43.9503885255,4.8389861096,0,
775,775,Auriol,43.9504622426,4.8393006127,0,
1144,1144,La Filature,43.9632445355,4.7100079232,0,
1148,1148,La Filature,43.9632088928,4.7104049075,0,
