station_lat,station_long,airport_name,aero_lat,aero_long,iata_code,country_code,station_airport_km,station_name
48.8416777,10.0961295,Bartholomä-Amalienhof Airfield,48.746666,10.005,,DE,12.497034313094515,"Aalen, Hauptbahnhof"
57.14469,-2.0964,Aberdeen International Airport,57.2019,-2.19778,ABZ,GB,8.821180681916296,Aberdeen
47.8877939,10.0746777,Leutkirch-Unterzeil Airfield,47.858891,10.014167,,DE,5.540625335353072,Aichstetten Bahnhof
47.9435397,10.0801574,Tannheim Airfield,48.009998,10.098611,,DE,7.516409183147311,"Aitrach (Kr Ravensb), Bahnhof"
47.5922386,8.1317835,Hütten Glider Field,47.6333,7.9412,,DE,14.998138597339828,Albbruck Bahnhof
43.92445,2.13817,Albi Le Sequestre airport,43.913898,2.11306,LBI,FR,2.3284437727805085,Albi Ville
48.3277261,9.7223495,Schlechtenfeld Glider Strip,48.284722,9.673333,,DE,6.00074290469711,Allmendingen
53.5519791,9.9343519,Hamburg-Finkenwerder Airport,53.5352783203125,9.835556030273438,XFW,DE,6.786768656468566,Altona
47.4883577,10.280886,Agathazell Airfield,47.554788,10.272868,,DE,7.411209214779399,Altstädten (Allgäu)
52.37921,4.90029,Amsterdam Airport Schiphol,52.308601,4.76389,AMS,NL,12.144929376549577,Amsterdam Centraal
52.3789574,4.9006063,Amsterdam Airport Schiphol,52.308601,4.76389,AMS,NL,12.143235998384037,"Amsterdam, Centraal"
48.5782387,9.8730059,Oppingen-Au Airfield,48.5566,9.8219,,DE,4.464361821015091,Amstetten (Württ)
39.93498,32.84395,Güvercinlik Airport,39.935001,32.740799,,TR,8.794787987264515,Ankara
46.19134,21.32492,Arad International Airport,46.176136,21.264322,ARW,RO,4.962054713266926,Arad
48.3656739,10.8858924,Augsburg Airport,48.425278,10.931667,AGB,DE,7.439616081779008,Augsburg Hbf
48.3387802,10.8861708,Augsburg Airport,48.425278,10.931667,AGB,DE,10.18810303976459,Augsburg Messe
48.3387921,10.8861169,Augsburg Airport,48.425278,10.931667,AGB,DE,10.188167346443201,Augsburg Messe Bstg 2
48.3550375,10.8931418,Augsburg Airport,48.425278,10.931667,AGB,DE,8.312301651631213,Augsburg Morellstraße
47.9529382,9.6439535,Reute/Bad Waldsee Airfield,47.915,9.710278,,DE,6.496973549769823,Aulendorf Bahnhof
44.9212,2.43623,Aurillac airport,44.891399,2.42194,AUR,FR,3.4996129542469046,Aurillac
47.9937673,9.668244,Reute/Bad Waldsee Airfield,47.915,9.710278,,DE,9.301089184650541,Bad Schussenried
47.5558643,7.9487338,Fricktal-Schupfart Airfield,47.5089,7.95,,CH,5.223057033264487,Bad Säckingen Bahnhof
47.5677212,7.6082453,EuroAirport Basel–Mulhouse–Freiburg,47.60068,7.521117,BSL,FR,7.4922819711606685,Badischer Bahnhof
47.7689677,9.1630584,Konstanz Airfield,47.681435,9.139258,,DE,9.894662016114204,Bahnhof Überlingen
42.08724,19.10525,Podgorica Airport / Podgorica Golubovci Airbase,42.359402,19.2519,TGD,ME,32.58329989996139,Bar
41.11807,16.87061,Bari Karol Wojtyła International Airport,41.138901,16.760599,BRI,IT,9.500772810483609,Bari Centrale
60.39026,5.33354,"Bergen Airport, Flesland",60.2934,5.21814,BGO,NO,12.502668196626919,Bergen
52.52508,13.3694,Berlin Brandenburg Airport,52.361738,13.502341,BER,DE,20.27501773151374,Berlin Hbf
52.51101,13.43461,Berlin Brandenburg Airport,52.361738,13.502341,BER,DE,17.221623016827788,Berlin Ostbahnhof
47.7305231,9.3448325,Markdorf Glider Field,47.7072,9.391,,DE,4.31902392497024,Bermatingen-Ahausen Bahnhof
47.5819992,7.8110041,Herten-Rheinfelden Airfield,47.56028,7.748333,,DE,5.285608354851002,Beuggen Bahnhof
48.1019531,9.7929571,Biberach an der Riß Airfield,48.112359,9.764013,,DE,2.440773897026968,Biberach (Riß)
48.0869954,9.8032518,Biberach an der Riß Airfield,48.112359,9.764013,,DE,4.055216721805927,Biberach Süd
49.83154,19.04941,Bielsko-Biała Aleksandrowice Airfield,49.805,19.0019,,PL,4.508603505363559,Bielsko-Biała Gł.
49.82238,19.05838,Bielsko-Biała Aleksandrowice Airfield,49.805,19.0019,,PL,4.489732020473165,Bielsko-Biała Główna
47.13248,24.4839,Bistrița Airfield,47.158575,24.552311,,RO,5.931905762113884,Bistrița Nord
48.4038261,9.7919599,Blaubeuren Airfield,48.419724,9.798333,,DE,1.8292784334743954,Blaubeuren
48.4142257,9.919898,Erbach Airfield,48.34222,9.916111,,DE,8.011552323452038,Blaustein
48.2666135,10.8380301,Lechfeld Air Base,48.185504,10.8612,,DE,9.18082955534635,Bobingen
67.28638,14.39118,Bodø Airport,67.269203,14.3653,BOO,NO,2.2098977337458114,Bodø
49.90073,18.35944,Letiště Orlová,49.85503,18.43521,,CZ,7.43645995139932,Bohumín
46.49638,11.35879,Bolzano Airport,46.459245,11.326125,BZO,IT,4.827704935676904,Bolzano / Bozen
48.17193,17.14648,M. R. Štefánik Airport,48.1702,17.2127,BTS,SK,4.91443493699149,Bratislava Nové Mesto
48.15891,17.10647,M. R. Štefánik Airport,48.1702,17.2127,BTS,SK,7.978075020559435,Bratislava hl.st.
45.64379,25.58684,Ghimbav Aerodrome,45.699386,25.528414,,RO,7.669794326952192,Brașov
47.503,9.73963,Wildberg Airfield,47.600278,9.741944,,DE,10.818214033763084,Bregenz
44.88961,6.63263,Mont-Dauphin Saint-Crépin Airfield,44.701698,6.60028,SCP,FR,21.050204491059283,Briançon
50.83681,4.3374,Brussels Airport,50.901402,4.48444,BRU,BE,12.572027118901087,Bruxelles Midi
44.44677,26.07441,Bucharest Băneasa Aurel Vlaicu International Airport,44.503133,26.102944,BBU,RO,6.663668873497159,București Nord
47.50043,19.02466,Budaörs Airfield,47.451099,18.9806,,HU,6.407385256746457,Budapest Déli
47.50059,19.08426,Budaörs Airfield,47.451099,18.9806,,HU,9.53836432726779,Budapest Keleti
47.51133,19.05866,Hármashatárhegy Glider Field,47.551503,18.976386,,HU,7.622895359769403,Budapest Nyugati
47.50044,19.08399,Budaörs Airfield,47.451099,18.9806,,HU,9.51217615303931,Budapest-Keleti
42.44277,3.16553,Ampuriabrava Airfield,42.259998,3.109722,,ES,20.834332024323224,Cerbère
51.1412,23.49404,Depułtycze Królewskie Airfield,51.082067,23.437014,,PL,7.686487615034358,Chelm
47.01287,28.86019,Chişinău International Airport,46.92774,28.931704,RMO,MD,10.910998433078262,Chişinău
48.43271,22.20555,Kráľovský Chlmec Airstrip,48.413942,22.002993,,SK,15.09193814136415,Chop
46.7842,23.58662,Avram Iancu Cluj International Airport,46.786042,23.685733,CLJ,RO,7.5491643238799595,Cluj-Napoca
44.16877,28.63189,Tuzla Airport,43.984493,28.606225,,RO,20.592979570642147,Constanța
47.9478781,8.4989609,Donaueschingen-Villingen Airfield,47.973331,8.522222,,DE,3.3181587899882077,Donaueschingen Bahnhof
48.1425324,11.5348982,Schleissheim Airfield,48.239166,11.559334,,DE,10.896774762876158,Donnersbergerbrücke
51.5176113,7.4588016,Dortmund Airport,51.518299,7.61224,DTM,DE,10.617166613604285,Dortmund Hbf
63.38985,12.91755,Åre / Molanda,63.3283291729,13.425722122199998,,SE,26.24437101495265,Duved
51.2212,6.79271,Düsseldorf-Wolfsaap Glider Field,51.2649,6.8539,,DE,6.461796024963823,Düsseldorf Hbf
48.716218,9.526939,Göppingen-Bezgenriet Airfield,48.658611,9.624167,,DE,9.59019645290336,Ebersbach (F) Gleis 2
55.9544,-3.18441,Edinburgh Airport,55.950145,-3.372288,EDI,GB,11.706128821760334,Edinburgh Waverley
41.65543,26.5802,Raykova Mogila Airfield,41.815966,26.304145,,BG,29.040223730506632,Edirne
48.2858588,9.7244695,Schlechtenfeld Glider Strip,48.284722,9.673333,,DE,3.7857798822163513,Ehingen (Donau)
47.5641329,9.6651717,Wildberg Airfield,47.600278,9.741944,,DE,7.02219521168131,Enzisweiler
47.6285453,9.5265886,Bodensee Airport Friedrichshafen,47.671299,9.51149,FDH,DE,4.886677679254983,Eriskirch Bahnhof
47.6601803,8.430635,Bohlhof Glider Field,47.6509,8.3867,,DE,3.4487092739246705,Erzingen (Baden) Bahnhof
48.7386467,9.3006623,Esslingen-Jägerhaus Airfield,48.762222,9.333889,,DE,3.578580094316121,Esslingen (N) Gleis 3
48.7385696,9.3006174,Esslingen-Jägerhaus Airfield,48.762222,9.333889,,DE,3.5871040071625435,Esslingen (N) Gleis 5
48.3908832,10.0260519,Erbach Airfield,48.34222,9.916111,,DE,9.759239820892176,Finninger Straße
47.4561086,10.2717771,Agathazell Airfield,47.554788,10.272868,,DE,10.97295460694238,Fischen
47.8367638,12.9764786,Salzburg Airport,47.793301,13.0043,SZG,AT,5.2604272447572695,Freilassing
47.6515396,9.4824544,Bodensee Airport Friedrichshafen,47.671299,9.51149,FDH,DE,3.0912636400227687,Friedrichshafen Hafenbahnhof
47.6533671,9.473588,Bodensee Airport Friedrichshafen,47.671299,9.51149,FDH,DE,3.4688146030847067,Friedrichshafen Stadtbahnhof
49.6856202,1.7742912,Saint-Thibault Airfield,49.693374,1.81118,,FR,2.7901588869401737,Gare de Abancourt
50.1319184,2.7801146,La Boisselle Airfield,50.015803,2.688594,,FR,14.469411779272296,Gare de Achiet
50.0053968,2.6444827,La Boisselle Airfield,50.015803,2.688594,,FR,3.3578197516884227,Gare de Albert
48.4338845,0.0985309,Alençon-Valframbert Airfield,48.446568,0.107996,,FR,1.5737087071439635,Gare de Alençon
47.4214655,0.9817614,Amboise Dierre Airfield,47.339771,0.945861,,FR,9.477644678354919,Gare de Amboise
49.8905865,2.3082788,Amiens Glisy Airfield,49.873004,2.387074,,FR,5.97463626939282,Gare de Amiens
48.4382945,1.3893962,Loulappe Airfield,48.438333,1.274444,,FR,8.479978857397228,Gare de Amilly - Ouerray
47.369337,-1.1777593,Ancenis Airfield,47.4081,-1.1775,,FR,4.310293143782139,Gare de Ancenis
47.466953,-0.5324366,Soulaire Airfield,47.565556,-0.549722,,FR,11.04073186251907,Gare de Angers Maître École
47.4646464,-0.5567748,Soulaire Airfield,47.565556,-0.549722,,FR,11.233130106937878,Gare de Angers Saint-Laud
48.7385458,-0.0252909,Argentan Airfield,48.709456,0.002856,,FR,3.837421017195605,Gare de Argentan
50.2868105,2.78016,Arras-Roclincourt Airfield,50.323898,2.80278,,FR,4.425791554293361,Gare de Arras
49.216131,-0.5960138,Caen Carpiquet airport,49.17678,-0.454883,CFR,FR,11.149382615002365,Gare de Audrieu
49.7160925,1.0984238,Lammerville Airfield,49.805556,0.973333,,FR,13.405026732741721,Gare de Auffay
47.6800865,-2.9993628,Vannes-Meucon Airport,47.723301,-2.71856,VNE,FR,21.555761469197147,Gare de Auray
47.28086,-2.4788695,La Baule-Escoublac Airport,47.289398,-2.34639,LBY,FR,10.037808588804888,Gare de Batz-sur-Mer
49.2697288,-0.6980999,Mosles Airfield,49.30083,-0.81183,,FR,8.944629082652588,Gare de Bayeux
47.7784038,1.6259389,Beaugency Airfield,47.749467,1.578984,,FR,4.761334113800729,Gare de Beaugency
49.0741994,0.7726988,Bernay-Saint-Martin Airfield,49.102351,0.565882,,FR,15.382487003542504,Gare de Beaumont-le-Roger
49.0871158,0.5956878,Bernay-Saint-Martin Airfield,49.102351,0.565882,,FR,2.7531249302945526,Gare de Bernay
47.5854518,1.3237539,Chouzy-sur-Cisse Airfield,47.506944,1.232778,,FR,11.082990763946754,Gare de Blois - Chambord
46.6515229,-1.1783978,La Roche-sur-Yon Les Ajoncs Airport,46.7019,-1.37863,EDM,FR,16.270857056916547,Gare de Bournezeau
46.8384051,-0.4961401,Bournizeaux Airfield,46.88053,-0.28448,,FR,16.761165782598017,Gare de Bressuire
48.3876203,-4.4803058,Brest Bretagne airport,48.447899,-4.41854,BES,FR,8.105795402078375,Gare de Brest
48.4327315,0.8923604,Fontaine Simon Airfield,48.506027,0.991064,,FR,10.925967003140132,Gare de Bretoncelles
49.2034122,-0.5127396,Caen Carpiquet airport,49.17678,-0.454883,CFR,FR,5.1427397854203,Gare de Bretteville - Norrey
47.0487214,-0.1848964,Aérodrome de Thouars,46.961899,-0.152778,,FR,9.956665359597046,Gare de Brion-près-Thouet
48.7018635,-0.3682037,Aérodrome de Flers Saint-Paul,48.749964,-0.593927,,FR,17.399485657970686,Gare de Briouze
48.3333985,-2.2357459,Dinan-Trélivan Airfield,48.443351,-2.103142,,FR,15.663881846149346,Gare de Broons
49.6033957,0.4174892,Havre-Saint-Romain-de-Colbosc Airfield,49.544676,0.360403,,FR,7.718533452257412,Gare de Bréauté - Beuzeville
49.1763537,-0.347613,Caen Carpiquet airport,49.17678,-0.454883,CFR,FR,7.797758059835407,Gare de Caen
49.302483,-1.2449382,Lessay Airfield,49.202276,-1.507983,,FR,22.105473216937924,Gare de Carentan
48.2844266,-2.1555927,Dinan-Trélivan Airfield,48.443351,-2.103142,,FR,18.09143567243501,Gare de Caulnes
46.8175516,-0.6673134,Mauléon Airfield,46.902802,-0.697778,,FR,9.758307249027194,Gare de Cerizay
48.1128111,-1.6021099,Rennes-Saint-Jacques Airport,48.0695,-1.73479,RNS,FR,10.968320162290626,Gare de Cesson-Sévigné
48.0197494,0.3356649,Le Mans-Arnage Airport,47.948604,0.201702,LME,FR,12.727658334995285,Gare de Champagné
47.4103145,-0.8686763,Saint Sigismond ULM,47.439444,-0.935833,,FR,6.001325985519531,Gare de Champtocé-sur-Loire
46.6902585,-1.0542092,Mouchamps Airfield,46.808611,-1.030556,,FR,13.28301417113712,Gare de Chantonnay
48.4482028,1.4813126,Chartres-Métropole Airfield,48.457502,1.519843,,FR,3.0238488905735035,Gare de Chartres
49.6335183,-1.6214867,Cherbourg Manche airport,49.650101,-1.47028,CER,FR,11.042797834677666,Gare de Cherbourg
47.6833356,0.4149592,Saint-Pierre-de-Chevillé Airfield,47.633333,0.452222,,FR,6.221142796835181,Gare de Château-du-Loir
48.1063608,-1.4051588,La Baillée sous Champ Fleu Airfield,48.1875,-1.496389,,FR,11.278930511954318,Gare de Châteaubourg
47.3451747,0.4581184,Hommes Volants Ultralight Airfield,47.418534,0.323495,,FR,13.010644302407034,Gare de Cinq-Mars-la-Pile
47.0860158,-1.2862919,Aérodrome de l'Emonière,47.05997,-1.35325,,FR,5.839594111283119,Gare de Clisson
49.5991119,1.1061752,Pavilly Airfield,49.601111,0.9875,,FR,8.55550999099645,Gare de Clères
48.962359,0.9378896,Évreux-Fauville (BA 105) Air Base,49.028702,1.21986,EVX,FR,21.85439787355195,Gare de Conches
48.383367,0.8488811,Champrond Le Petit Bois Landry Ultralight Airfield,48.39361,1.05753,,FR,15.449074852393936,Gare de Condé-sur-Huisne
48.1272219,-0.0116197,Assé le Riboul Airfield,48.195278,0.099444,,FR,11.186010554742007,Gare de Conlie
48.0737072,0.4869016,Champ-Romet Airfield,48.298611,0.453056,,FR,25.133720683356117,Gare de Connerré - Beillé
49.9116341,2.4999483,Amiens Glisy Airfield,49.873004,2.387074,,FR,9.155862949458804,Gare de Corbie
48.4513371,1.2349025,Loulappe Airfield,48.438333,1.274444,,FR,3.255359116525524,Gare de Courville-sur-Eure
49.042928,-1.4417261,Lessay Airfield,49.202276,-1.507983,,FR,18.362987705765757,Gare de Coutances
49.9217887,1.0811328,Dieppe-Saint-Aubin Airport,49.884662,1.08101,DPE,FR,4.128310051018109,Gare de Dieppe
48.5442508,-1.7505361,Le Haut des Places Airfield,48.474167,-1.591111,,FR,14.09463892123659,Gare de Dol-de-Bretagne
50.3716757,3.0899613,Vitry-en-Artois Airfield,50.337883,2.990714,,FR,7.981085665035849,Gare de Douai
48.731493,1.3701634,Dreux Vernouillet Airfield,48.70543,1.361155,,FR,2.9724708589120756,Gare de Dreux
48.7447856,-0.5732157,Aérodrome de Flers Saint-Paul,48.749964,-0.593927,,FR,1.624051908237428,Gare de Flers
48.8299473,-1.407223,Granville Airport,48.883099,-1.56417,GFR,FR,12.914082731186156,Gare de Folligny
46.6653633,-1.2321027,La Roche-sur-Yon Les Ajoncs Airport,46.7019,-1.37863,EDM,FR,11.892926398738734,Gare de Fougeré
49.1411537,-0.26041,Rouvres Airfield,49.02,-0.198333,,FR,14.210116367656315,Gare de Frénouville - Cagny
48.625821,1.7718286,La Fontaine au Berger Airfield,48.582222,1.728889,,FR,5.785453477353088,Gare de Gazeran
48.8383212,-1.5875472,Granville Airport,48.883099,-1.56417,GFR,FR,5.264566673001696,Gare de Granville
48.555661,-3.143343,Kerfot Ultralight Airfield,48.723882,-3.027055,,FR,20.564444624452847,Gare de Guingamp
47.7991298,-3.2857957,Lorient South Brittany (Bretagne Sud) Airport,47.760601,-3.44,LRT,FR,12.292976333539224,Gare de Hennebont
47.4059297,-0.9208318,Saint Sigismond ULM,47.439444,-0.935833,,FR,3.893763472359694,Gare de Ingrandes
48.5102492,1.5574626,Bailleau Armenonville Airfield,48.5158,1.64,,FR,6.111041434847216,Gare de Jouy
48.7662297,0.620014,L'Aigle-Saint-Michel Airfield,48.758502,0.656632,,FR,2.8182146052012707,Gare de L'Aigle
47.2834533,-2.3648905,La Baule-Escoublac Airport,47.289398,-2.34639,LBY,FR,1.5440878153552908,Gare de La Baule les Pins
47.2884613,-2.389211,La Baule-Escoublac Airport,47.289398,-2.34639,LBY,FR,3.2313973756340433,Gare de La Baule-Escoublac
48.9884629,1.0350725,Évreux-Fauville (BA 105) Air Base,49.028702,1.21986,EVX,FR,14.201289308842494,Gare de La Bonneville-sur-Iton
46.6768448,-1.2835958,La Roche-sur-Yon Les Ajoncs Airport,46.7019,-1.37863,EDM,FR,7.765651297319542,Gare de La Chaize-le-Vicomte
47.2512247,0.2184879,Hommes Volants Ultralight Airfield,47.418534,0.323495,,FR,20.216932864801432,Gare de La Chapelle-sur-Loire
48.1865289,0.6393795,BELLEME St Germain de la Coudr Airfield,48.300556,0.581111,,FR,13.393331541383962,Gare de La Ferté-Bernard
48.1139412,0.1931078,Assé le Riboul Airfield,48.195278,0.099444,,FR,11.40497864073626,Gare de La Guierche
48.3032566,0.1054466,Piacé Airfield,48.271111,0.103889,,FR,3.576284987480607,Gare de La Hutte Coulombiers
48.4738284,1.010898,Fontaine Simon Airfield,48.506027,0.991064,,FR,3.8671883356418904,Gare de La Loupe
47.4313396,0.6407405,Tours Val de Loire Airport,47.432201,0.727606,TUF,FR,6.53470517686475,Gare de La Membrolle-sur-Choisille
46.6720757,-1.4356603,La Roche-sur-Yon Les Ajoncs Airport,46.7019,-1.37863,EDM,FR,5.470076064273311,Gare de La Roche-sur-Yon
46.1527022,-1.1458576,La Rochelle Île de Ré Airport,46.179199,-1.19528,LRH,FR,4.8131803011462475,Gare de La Rochelle
47.8922362,0.0265714,Le Mans-Arnage Airport,47.948604,0.201702,LME,FR,14.477592947941126,Gare de La Suze
48.4827531,1.522905,Chartres-Métropole Airfield,48.457502,1.519843,,FR,2.8168541589383995,Gare de La Villette Saint-Prest
48.4660608,-2.5115459,Saint-Brieuc-Armor Airport,48.538628,-2.853518,SBK,FR,26.455885438390432,Gare de Lamballe
48.4535734,-4.256528,Landivisiau Air Base,48.5303,-4.15164,LDV,FR,11.512234516346782,Gare de Landerneau
48.4960033,-4.082181,Landivisiau Air Base,48.5303,-4.15164,LDV,FR,6.381327402547934,Gare de Landivisiau
47.3240248,0.4097404,Hommes Volants Ultralight Airfield,47.418534,0.323495,,FR,12.3539645422679,Gare de Langeais
48.0762555,-0.7609291,Laval-Entrammes Airport,48.032208,-0.743999,LVA,FR,5.0569200510784365,Gare de Laval
47.2898903,-2.5073397,La Baule-Escoublac Airport,47.289398,-2.34639,LBY,FR,12.139379579456278,Gare de Le Croisic
49.4926229,0.1246437,Le Havre-Octeville Airport,49.534038,0.088406,LEH,FR,5.296406464295509,Gare de Le Havre
47.9956159,0.1926141,Le Mans-Arnage Airport,47.948604,0.201702,LME,FR,5.271081915157753,Gare de Le Mans
49.2493264,-0.8809742,Mosles Airfield,49.30083,-0.81183,,FR,7.613140897055459,Gare de Le Molay-Littry
47.2825083,-2.4331287,La Baule-Escoublac Airport,47.289398,-2.34639,LBY,FR,6.5872224062258775,Gare de Le Pouliguen
48.2672914,0.6943758,BELLEME St Germain de la Coudr Airfield,48.300556,0.581111,,FR,9.160805805107245,Gare de Le Theil - La Rouge
47.5736883,-0.4830019,Soulaire Airfield,47.565556,-0.549722,,FR,5.086535212810037,Gare de Le Vieux Briollay
47.3618603,-0.2193729,Coutures Airfield,47.366111,-0.330556,,FR,8.387261820302458,Gare de Les Rosiers-sur-Loire
50.6365763,3.0698721,Marcq-en-Baroeul Airfield,50.687199,3.07556,,FR,5.643246739249198,Gare de Lille Flandres
49.1382984,0.2311429,La Boissière Airfield,49.124774,0.142758,,FR,6.604171731977056,Gare de Lisieux
49.2268337,-1.0503391,Mosles Airfield,49.30083,-0.81183,,FR,19.16329064211168,Gare de Lison
49.5566792,1.2762275,Rouen Vallée de Seine Airport,49.384887,1.179142,URO,FR,20.349839719614035,Gare de Longuerue - Vieux-Manoir
47.7555982,-3.3662209,Lorient South Brittany (Bretagne Sud) Airport,47.760601,-3.44,LRT,FR,5.543129449898712,Gare de Lorient
48.5854799,1.5920603,Les Ailes d'Eure et Loir Airfield,48.59244,1.53759,,FR,4.080390554119529,Gare de Maintenon
48.9898402,1.70337,Mantes-Chérence Airfield,49.078814,1.68829,,FR,9.954325379915403,Gare de Mantes-la-Jolie
47.7058923,1.5063578,Beaugency Airfield,47.749467,1.578984,,FR,7.279072748094867,Gare de Mer
47.8299537,1.6919208,Cravant Les Lilas Airfield,47.836706,1.617899,,FR,5.57606293892658,Gare de Meung-sur-Loire
48.1902428,-2.052675,Queneleuc Airfield,48.098333,-2.076389,,FR,10.370254277638326,Gare de Montauban-de-Bretagne
48.1513199,0.1908174,Assé le Riboul Airfield,48.195278,0.099444,,FR,8.354725840585976,Gare de Montbizot
48.0405728,0.4062319,Le Mans-Arnage Airport,47.948604,0.201702,LME,FR,18.336059365708607,Gare de Montfort-le-Gesnois
48.1388793,-1.9491409,Queneleuc Airfield,48.098333,-2.076389,,FR,10.466771151489777,Gare de Montfort-sur-Meu
47.3915629,0.8174732,Tours Val de Loire Airport,47.432201,0.727606,TUF,FR,8.133166719073053,Gare de Montlouis
47.1254197,-0.1482834,Cizay-la-Madeleine UL,47.17962,-0.15915,,FR,6.082557598451048,Gare de Montreuil-Bellay
49.5512834,1.0700462,Pavilly Airfield,49.601111,0.9875,,FR,8.131546968536538,Gare de Montville
49.6031673,1.334721,Pavilly Airfield,49.601111,0.9875,,FR,25.02332440300568,Gare de Montérolier - Buchy
47.7390037,-0.4181549,Solib'Ailes Airfield,47.7775,-0.514167,,FR,8.356678216547785,Gare de Morannes
49.5228742,1.2473588,Rouen Vallée de Seine Airport,49.384887,1.179142,URO,FR,16.11633890245717,Gare de Morgny
48.5779705,-3.832514,Morlaix-Ploujean Airport,48.6031990051,-3.81577992439,MXN,FR,3.0633935285097995,Gare de Morlaix
49.070913,-0.0749139,Rouvres Airfield,49.02,-0.198333,,FR,10.62847844318656,Gare de Mézidon - Canon
47.2174913,-1.542077,Nantes Atlantique Airport,47.153198,-1.61073,NTE,FR,8.833279846322098,Gare de Nantes
47.5578523,0.5647897,Neuvy le Roi Airfield,47.586667,0.628611,,FR,5.76098052605986,Gare de Neuillé-Pont-Pierre
48.0704854,0.1996015,Le Mans-Arnage Airport,47.948604,0.201702,LME,FR,13.553494091678832,Gare de Neuville
48.3257654,0.810313,BELLEME St Germain de la Coudr Airfield,48.300556,0.581111,,FR,17.179978886412755,Gare de Nogent-le-Rotrou
48.7757617,1.1928376,Saint-André-de-l'Eure Airfield,48.897669,1.250839,,FR,14.20463096388495,Gare de Nonancourt
48.1187915,-1.5277647,La Baillée sous Champ Fleu Airfield,48.1875,-1.496389,,FR,7.986713018883162,Gare de Noyal - Acigné
47.874387,-0.0982489,La Flèche-Thorée-les-Pins Airfield,47.69261,-0.002198,,FR,21.448879989831337,Gare de Noyen
49.3430833,1.1019373,Rouen Vallée de Seine Airport,49.384887,1.179142,URO,FR,7.270816176818943,Gare de Oissel
47.4920275,1.1860922,Chouzy-sur-Cisse Airfield,47.506944,1.232778,,FR,3.8796077370221074,Gare de Onzain - Chaumont-sur-Loire
47.907891,1.9042468,Mardié Airfield,47.903611,2.067778,,FR,12.198860594305243,Gare de Orléans
48.8411711,2.3205138,Vélizy-Villacoublay Air Base,48.774406,2.203102,VIY,FR,11.359784799459783,Gare de Paris Montparnasse Hall 1 - 2
48.8411711,2.3205138,Vélizy-Villacoublay Air Base,48.774406,2.203102,VIY,FR,11.359784799459783,Gare de Paris Montparnasse Vaugirard
48.8762428,2.3253309,Paris-Le Bourget International Airport,48.962276,2.436539,LBG,FR,12.551732492595743,Gare de Paris Saint-Lazare
48.4257122,-2.4424838,Dinan-Trélivan Airfield,48.443351,-2.103142,,FR,25.111666335737187,Gare de Plestan
48.606423,-3.4669791,Lannion Airport,48.754398,-3.47166,LAI,FR,16.45765770294118,Gare de Plouaret Trégor
48.3766559,-2.3546105,Dinan-Trélivan Airfield,48.443351,-2.103142,,FR,19.987799485692744,Gare de Plénée-Jugon
49.7777843,1.9898979,Poix de Picardie Airfield,49.780278,2.001944,,FR,0.9083025109814895,Gare de Poix-de-Picardie
49.2870445,0.1919739,Deauville Normandie airport,49.365237,0.154481,DOL,FR,9.109293776643055,Gare de Pont-l'Évêque
48.1186426,-1.6911174,Rennes-Saint-Jacques Airport,48.0695,-1.73479,RNS,FR,6.354520769378954,Gare de Pontchaillou
47.4353376,-2.0885275,Campbon La Berthelière Airfield,47.420833,-2.011944,,FR,5.9825020144220655,Gare de Pontchâteau
48.5527292,-1.5049304,Mont Saint Michel Airfield,48.604444,-1.551667,,FR,6.699899632912134,Gare de Pontorson - Mont-Saint-Michel
47.2704262,-2.3448644,La Baule-Escoublac Airport,47.289398,-2.34639,LBY,FR,2.112704795937459,Gare de Pornichet
47.2488391,0.1556491,Aérodrome de Saumur - Saint-Florent,47.256802,-0.115142,,FR,20.45716733604661,Gare de Port Boulet
46.7524179,-0.8145972,Breuil Barret Airfield,46.660556,-0.663611,,FR,15.39093498874739,Gare de Pouzauges
47.6830213,-2.4496212,Pleucadeuc private airfield,47.78777,-2.36109,,FR,13.39774372115557,Gare de Questembert
47.9944564,-4.092103,Quimper-Cornouaille Airport,47.973031,-4.169655,UIP,FR,6.244332686728523,Gare de Quimper
47.8693755,-3.552693,Mellac Ultralight Airfield,47.912079,-3.565698,,FR,4.8464093051701385,Gare de Quimperlé
48.2484813,-2.1452205,Queneleuc Airfield,48.098333,-2.076389,,FR,17.458496493765555,Gare de Quédillac
48.6437724,1.83154,La Fontaine au Berger Airfield,48.582222,1.728889,,FR,10.187760849567495,Gare de Rambouillet
47.6520047,-2.08777,Redon Bains-sur-Oust Airfield,47.699402,-2.03667,,FR,6.512589971421517,Gare de Redon
48.1035178,-1.6727439,Rennes-Saint-Jacques Airport,48.0695,-1.73479,RNS,FR,5.962254214828355,Gare de Rennes
49.0039198,0.854862,Cesseville Ferme des Moulins Private Airfield,49.177837,0.9953,,FR,21.87607461035462,Gare de Romilly-la-Puthenaye
47.9602252,-3.8327024,Guiscriff Scaer Airfield,48.052502,-3.66472,,FR,16.169638753756193,Gare de Rosporden
49.4486637,1.0941026,Rouen Vallée de Seine Airport,49.384887,1.179142,URO,FR,9.387940247380568,Gare de Rouen Rive Droite
47.8417564,-0.3419969,Solib'Ailes Airfield,47.7775,-0.514167,,FR,14.709237324952094,Gare de Sablé-sur-Sarthe
47.5036124,0.6163317,Neuvy le Roi Airfield,47.586667,0.628611,,FR,9.281125583943805,Gare de Saint-Antoine-du-Rocher
48.5075822,-2.765,Saint-Brieuc-Armor Airport,48.538628,-2.853518,SBK,FR,7.3766527597303115,Gare de Saint-Brieuc
47.3710642,0.5969105,Tours Val de Loire Airport,47.432201,0.727606,TUF,FR,11.957054305894392,Gare de Saint-Genouph
49.1169738,-1.0995247,Mosles Airfield,49.30083,-0.81183,,FR,29.23576390213441,Gare de Saint-Lô
48.0285279,0.3657048,Le Mans-Arnage Airport,47.948604,0.201702,LME,FR,15.097907268573643,Gare de Saint-Mars-la-Brière
47.2864903,-2.211079,Saint-Nazaire-Montoir Airport,47.31142,-2.152634,SNR,FR,5.206592928679207,Gare de Saint-Nazaire
47.2856616,0.3096418,Hommes Volants Ultralight Airfield,47.418534,0.323495,,FR,14.81154848851109,Gare de Saint-Patrice
48.5429525,1.5904886,Bailleau Armenonville Airfield,48.5158,1.64,,FR,4.733726345205314,Gare de Saint-Piat
47.3861437,0.7235445,Tours Val de Loire Airport,47.432201,0.727606,TUF,FR,5.130450018851892,Gare de Saint-Pierre-des-Corps
49.0231056,-0.0405856,Rouvres Airfield,49.02,-0.198333,,FR,11.507941299530145,Gare de Saint-Pierre-sur-Dives
48.7172834,0.4281636,L'Aigle-Saint-Michel Airfield,48.758502,0.656632,,FR,17.36998631104667,Gare de Sainte-Gauburge
47.2689958,-0.0714032,Aérodrome de Saumur - Saint-Florent,47.256802,-0.115142,,FR,3.5682161115290234,Gare de Saumur
47.3586008,-1.951011,Campbon La Berthelière Airfield,47.420833,-2.011944,,FR,8.302162259728446,Gare de Savenay
47.3605776,0.5441793,Tours Sorigny Airfield,47.266071,0.698691,,FR,15.688162802012219,Gare de Savonnières
48.1222299,0.5722332,BELLEME St Germain de la Coudr Airfield,48.300556,0.581111,,FR,19.8398664610217,Gare de Sceaux - Boëssé
49.6315502,1.5394027,Saint-Thibault Airfield,49.693374,1.81118,,FR,20.734042476350183,Gare de Serqueux
49.107754,0.7192894,Bernay-Saint-Martin Airfield,49.102351,0.565882,,FR,11.183660199979263,Gare de Serquigny
48.1122139,-1.4652101,La Baillée sous Champ Fleu Airfield,48.1875,-1.496389,,FR,8.685116193842722,Gare de Servon
48.1817965,-0.1288914,Courcité Airfield,48.29,-0.259167,,FR,15.422609661226296,Gare de Sillé-le-Guillaume
48.6647706,0.1344098,Argentan Airfield,48.709456,0.002856,,FR,10.860362632083264,Gare de Surdon
48.5999675,0.1664085,Argentan Airfield,48.709456,0.002856,,FR,17.104073508805026,Gare de Sées
48.1813392,0.1914474,Assé le Riboul Airfield,48.195278,0.099444,,FR,6.994282452916823,Gare de Teillé
47.6175243,-0.4694093,Aérodrome privé de Soucelles,47.580399,-0.412269,,FR,5.949598977721124,Gare de Tiercé
47.3898771,0.6928408,Tours Val de Loire Airport,47.432201,0.727606,TUF,FR,5.384432877747413,Gare de Tours
49.3600056,0.0841671,Deauville Normandie airport,49.365237,0.154481,DOL,FR,5.125100724717889,Gare de Trouville - Deauville
49.5054544,-1.4798601,Cherbourg Manche airport,49.650101,-1.47028,CER,FR,16.09879298211537,Gare de Valognes
47.6651702,-2.75245,Vannes-Meucon Airport,47.723301,-2.71856,VNE,FR,6.94370034311414,Gare de Vannes
47.3745616,-1.01982,Chesnaie ULM Airfield,47.339444,-0.925,,FR,8.140211463976456,Gare de Varades - Saint-Florent-le-Vieil
48.7424865,0.9291927,Le Buternay Airfield,48.611944,0.841944,,FR,15.866346859752793,Gare de Verneuil-sur-Avre
49.0915726,1.4782972,Mantes-Chérence Airfield,49.078814,1.68829,,FR,15.358505064840953,Gare de Vernon - Giverny
48.795829,2.1358823,Saint-Cyr-l'École Airport,48.812459,2.067533,,FR,5.336324280718643,Gare de Versailles Chantiers
48.8341501,-1.2254182,Avranches Le Val-Saint-Père Airfield,48.662255,-1.403685,,FR,23.15536123130603,Gare de Villedieu-les-Poêles
48.8463297,-0.8828841,Aérodrome de Flers Saint-Paul,48.749964,-0.593927,,FR,23.722751317111175,Gare de Vire
48.1226727,-1.2117541,Moulins le Haut Bois Airfield,48.001667,-1.352222,,FR,17.029694282908746,Gare de Vitré
48.2301948,0.1448486,Assé le Riboul Airfield,48.195278,0.099444,,FR,5.137416532628825,Gare de Vivoin - Beaumont
47.9305033,0.0852852,Le Mans-Arnage Airport,47.948604,0.201702,LME,FR,8.902513712985243,Gare de Voivres
48.4700837,-2.6524471,Saint-Brieuc-Armor Airport,48.538628,-2.853518,SBK,FR,16.659376885137085,Gare de Yffiniac
49.6221158,0.7501387,Yvetot Lucien Camu Airfield,49.638316,0.728467,,FR,2.3835383522285087,Gare de Yvetot
47.8245481,0.2690699,Le Mans-Arnage Airport,47.948604,0.201702,LME,FR,14.680602016733053,Gare de Écommoy
48.6052007,1.681363,La Fontaine au Berger Airfield,48.582222,1.728889,,FR,4.329583299391698,Gare de Épernon
47.6567338,-0.460868,Aérodrome privé de Soucelles,47.580399,-0.412269,,FR,9.23663753871766,Gare de Étriché - Châteauneuf
49.0187469,1.1496289,Évreux-Fauville (BA 105) Air Base,49.028702,1.21986,EVX,FR,5.2392235952216035,Gare de Évreux Normandie
54.52084,18.52956,Oksywie Air Base / Gdynia-Kosakowo Airfield,54.5797,18.5172,,PL,6.593295851985388,Gdynia Gł.
47.9214268,8.6523841,Blumberg Airfield,47.843676,8.564344,,DE,10.855845950005659,Geisingen Bahnhof
48.6192303,9.8417176,Donzdorf Airfield,48.678177,9.845909,,DE,6.56180248832397,Geislingen (Steige) Gleis 2
48.6192481,9.8418793,Donzdorf Airfield,48.678177,9.845909,,DE,6.559278532498661,Geislingen (Steige) Gleis 3
48.1060563,11.03804,Jesenwang Airfield,48.174366,11.125363,,DE,9.983906368610558,Geltendorf
48.3518617,10.0371012,Erbach Airfield,48.34222,9.916111,,DE,9.005468559544417,Gerlenhofen
48.619741,10.2380274,Giengen/Brenz Airfield,48.634253,10.216484,,DE,2.260720349766081,Giengen (Brenz)
48.6607998,9.7880702,Donzdorf Airfield,48.678177,9.845909,,DE,4.666168184014422,Gingen (F) Gleis 2
55.85858,-4.25838,Glasgow Airport,55.871899,-4.43306,GLA,GB,10.999500441226921,Glasgow Central
47.0723,15.41644,Graz Airport,46.9911,15.4396,GRZ,AT,9.198064493457341,Graz Hbf
47.5509596,7.6593864,Herten-Rheinfelden Airfield,47.56028,7.748333,,DE,6.754761704511632,Grenzach Bahnhof Bstg 2
48.700094,9.6520653,Göppingen-Bezgenriet Airfield,48.658611,9.624167,,DE,5.04701652730638,Göppingen Gleis 4
48.699928,9.6519395,Göppingen-Bezgenriet Airfield,48.658611,9.624167,,DE,5.02639969721492,Göppingen Gleis 6
48.4606403,10.2791882,Günzburg-Donauried Airfield,48.486668,10.283333,,DE,2.9102324694893618,Günzburg
53.55225,9.93496,Hamburg-Finkenwerder Airport,53.5352783203125,9.835556030273438,XFW,DE,6.83366018393049,Hamburg Altona
53.5527529,10.0079239,Hamburg Helmut Schmidt Airport,53.630402,9.98823,HAM,DE,8.73146914150655,Hamburg Hbf
48.6803766,10.1565142,Schäfhalde Airfield,48.6922,10.0995,,DE,4.386975902121094,Heidenheim (Brenz)
47.6288722,9.9022551,Isny Glider Field,47.7002,10.0207,,DE,11.898772023452958,Heimenkirch
54.61104,18.80089,Jastarnia Airfield,54.710281,18.645281,,PL,14.897640035972017,Hel
47.6466438,9.827147,Wildberg Airfield,47.600278,9.741944,,DE,8.207078789976327,Hergatz
48.4176719,9.8974491,Blaubeuren Airfield,48.419724,9.798333,,DE,7.3181363453356125,Herrlingen
47.549365,7.7389322,Herten-Rheinfelden Airfield,47.56028,7.748333,,DE,1.4038301899571544,Herten (Baden) Bahnhof
48.93017,21.90117,Udavské Airstrip,48.97872,21.947888,,SK,6.385947931515322,Humenné
47.15723,27.60345,Iaşi Sud,47.15778,27.6375,,RO,2.575277963210578,Iași
47.9362701,8.7294236,Neuhausen ob Eck Airfield,47.976665,8.903889,,DE,13.746410058581828,Immendingen Bahnhof
47.9326951,8.7131192,Blumberg Airfield,47.843676,8.564344,,DE,14.867541582861074,Immendingen Zimmern
47.5590288,10.214249,Agathazell Airfield,47.554788,10.272868,,DE,4.424016303045151,Immenstadt
48.7446713,11.4376825,Etting-Adelmannsberg Glider Field,48.81028,11.42096,,DE,7.397546347240227,Ingolstadt Hbf
48.7741565,11.4319153,Etting-Adelmannsberg Glider Field,48.81028,11.42096,,DE,4.096135082329487,Ingolstadt Nord
48.311699,10.8691118,Augsburg Airport,48.425278,10.931667,AGB,DE,13.44825924633701,Inningen
47.26337,11.40111,Innsbruck Airport,47.260201,11.344,INN,AT,4.324039615052907,Innsbruck Hbf
48.993367,8.401278,Rheinstetten Glider Field,48.9777,8.3425,,DE,4.629414770693646,Karlsruhe Hauptbahnhof
40.60528,43.10639,Kars Airport,40.562198638916016,43.1150016784668,KSY,TR,4.845315272477671,Kars
48.0811623,10.8551251,Geratshof Airfield,47.992923,10.843688,,DE,9.848542246727861,Kaufering
66.72411,27.40363,Kemijärvi Airfield,66.712898,27.156799,,FI,10.919537512728624,Kemijärvi
47.7117827,10.317699,Kempten-Durach Airfield,47.691944,10.338056,,DE,2.6808465473891525,Kempten (Allgäu) Hbf
47.7117585,10.3162706,Kempten-Durach Airfield,47.691944,10.338056,,DE,2.7408340102973363,Kempten (Allgäu) Hbf Bstg SEV
47.7935597,9.8821328,Wangen-Kißlegg Airfield,47.753962,9.86219,,DE,4.648442191029384,Kißlegg Bahnhof
67.34896,23.83575,Aavahelukka Airfield,67.6036,23.971701,,FI,28.90075378646099,Kolari
47.60088,21.23744,Hajdúszoboszló Airfield,47.459717,21.390904,,HU,19.47144980985815,Konya
45.53913,13.73831,Portorož Airport,45.47201,13.615951,POW,SI,12.108943921318849,Koper
54.18238,15.57209,Kołobrzeg-Bagicz Airfield,54.200077,15.683752,,PL,7.526324157288968,Kołobrzeg
50.06719,19.94742,Kraków John Paul II International Airport,50.077702,19.7848,KRK,PL,11.664406803549367,Kraków Gł.
47.5940803,9.5989479,Wildberg Airfield,47.600278,9.741944,,DE,10.744405878317746,Kressbronn Bahnhof
48.6403726,9.803683,Donzdorf Airfield,48.678177,9.845909,,DE,5.223941237294113,Kuchen Gleis 2
47.5830959,12.1655874,Kufstein-Langkampfen Airfield,47.564713,12.127576,,AT,3.508448635908047,Kufstein Bahnhof
37.92809,41.69722,Siirt Airport,37.97890090942383,41.84040069580078,SXZ,TR,13.766644607047237,Kurtalan
47.5994777,9.5445998,Bodensee Airport Friedrichshafen,47.671299,9.51149,FDH,DE,8.362624094747266,Langenargen Bahnhof
48.4932982,10.1258817,Günzburg-Donauried Airfield,48.486668,10.283333,,DE,11.626697771444393,Langenau (Württ)
47.4364373,10.2760441,Agathazell Airfield,47.554788,10.272868,,DE,13.162160498646786,Langenwang (Schwab)
47.5641389,8.0590379,Fricktal-Schupfart Airfield,47.5089,7.95,,CH,10.23374429280373,Laufenburg (Baden) Bahnhof
47.5661998,8.0730696,Fricktal-Schupfart Airfield,47.5089,7.95,,CH,11.22264912268403,Laufenburg (Baden) Ost Bahnhof
40.34594,18.16583,Fondone Airfield,40.355883,18.232425,,IT,5.75060385726276,Lecce
48.4503694,10.2157671,Günzburg-Donauried Airfield,48.486668,10.283333,,DE,6.411308130494847,Leipheim
47.8262466,10.0160177,Leutkirch-Unterzeil Airfield,47.858891,10.014167,,DE,3.6325184588159973,Leutkirch Bahnhof
47.5592531,9.684746,Wildberg Airfield,47.600278,9.741944,,DE,6.2622995053015424,Lindau-Aeschach
47.5453752,9.6806677,Wildberg Airfield,47.600278,9.741944,,DE,7.642036520390361,Lindau-Insel
47.5524814,9.7029189,Wildberg Airfield,47.600278,9.741944,,DE,6.067621403206088,Lindau-Reutin
47.5527784,9.7024518,Wildberg Airfield,47.600278,9.741944,,DE,6.055774344454909,Lindau-Reutin Bstg 2
51.52817,-0.13308,London City Airport,51.505299,0.055278,LCY,GB,13.279233367190674,London Euston
51.51686,-0.1769,London City Airport,51.505299,0.055278,LCY,GB,16.11889965209518,London Paddington
47.8155463,9.0531316,Radolfzell-Stahlringen Airfield,47.802587,8.979378,,DE,5.69322114784136,Ludwigshafen(Bodensee) Bahnhof
65.58417,22.16527,Luleå Airport,65.5438,22.122,LLA,SE,4.91041042118562,Luleå C
47.62011,7.66874,Herten-Rheinfelden Airfield,47.56028,7.748333,,DE,8.937989838869623,Lörrach Autoreisezug Terminal
47.6614629,9.4994415,Bodensee Airport Friedrichshafen,47.671299,9.51149,FDH,DE,1.4178384959160206,Löwental Bahnhof
38.3768,38.32295,Malatya Tulga Airport,38.353699,38.253899,,TR,6.545296862393782,Malatya
55.60944,13.00084,Väster Private Airstrip,55.52905,12.92175,,SE,10.228889234476057,Malmö C
43.82291,28.58205,Costinești Aerodrome,43.926686,28.629548,,RO,12.151209994653334,Mangalia
47.7168416,9.3884457,Markdorf Glider Field,47.7072,9.391,,DE,1.0889969795998347,Markdorf Bahnhof
47.6290357,10.2736635,Agathazell Airfield,47.554788,10.272868,,DE,8.25618307625273,Martinszell (Allgäu)
47.6998799,9.5584339,Bodensee Airport Friedrichshafen,47.671299,9.51149,FDH,DE,4.73798668046757,Meckenbeuren Bahnhof
47.985693,10.187057,Memmingen Allgau Airport,47.988092,10.238248,FMM,DE,3.8191066491598,Memmingen
45.48727,9.20511,Milano-Bresso Airfield,45.541389,9.202222,,IT,6.021964050507388,Milano Centrale
45.4846,9.18776,Milano-Bresso Airfield,45.541389,9.202222,,IT,6.4144079875198505,Milano Porta Garibaldi
48.2379025,9.6455615,Schlechtenfeld Glider Strip,48.284722,9.673333,,DE,5.597301186581908,Munderkingen Gleis
47.5534878,8.0183712,Fricktal-Schupfart Airfield,47.5089,7.95,,CH,7.136545931972527,Murg (Baden) Bahnhof
48.14161,11.55794,Schleissheim Airfield,48.239166,11.559334,,DE,10.848224441237697,München Hbf
48.1401586,11.5538976,Schleissheim Airfield,48.239166,11.559334,,DE,11.016494222605772,München Hbf Gleis 10
48.1398829,11.5574908,Schleissheim Airfield,48.239166,11.559334,,DE,11.040622548833598,München Hbf Gleis 11
48.1399368,11.5574908,Schleissheim Airfield,48.239166,11.559334,,DE,11.03462960064321,München Hbf Gleis 12
48.1400267,11.5575178,Schleissheim Airfield,48.239166,11.559334,,DE,11.024609317785309,München Hbf Gleis 13
48.1400807,11.5575178,Schleissheim Airfield,48.239166,11.559334,,DE,11.018605238894239,München Hbf Gleis 14
48.1401826,11.5575268,Schleissheim Airfield,48.239166,11.559334,,DE,11.00726718076008,München Hbf Gleis 15
48.1402366,11.5575447,Schleissheim Airfield,48.239166,11.559334,,DE,11.00124702027164,München Hbf Gleis 16
48.1403325,11.5575717,Schleissheim Airfield,48.239166,11.559334,,DE,10.990560228111347,München Hbf Gleis 17
48.1403864,11.5575717,Schleissheim Airfield,48.239166,11.559334,,DE,10.98456724439416,München Hbf Gleis 18
48.1405003,11.5575896,Schleissheim Airfield,48.239166,11.559334,,DE,10.971887318296805,München Hbf Gleis 19
48.1405543,11.5576076,Schleissheim Airfield,48.239166,11.559334,,DE,10.965867555177736,München Hbf Gleis 20
48.140812,11.5576435,Schleissheim Airfield,48.239166,11.559334,,DE,10.937183759693987,München Hbf Gleis 23
48.14086,11.5576615,Schleissheim Airfield,48.239166,11.559334,,DE,10.931831538577223,München Hbf Gleis 24
48.1409679,11.5576705,Schleissheim Airfield,48.239166,11.559334,,DE,10.919826822552023,München Hbf Gleis 25
48.1399548,11.5537988,Schleissheim Airfield,48.239166,11.559334,,DE,11.039410443143998,München Hbf Gleis 7
48.12157,11.55297,Schleissheim Airfield,48.239166,11.559334,,DE,13.084589113982593,München Süd
48.1412496,11.5614075,Schleissheim Airfield,48.239166,11.559334,,DE,10.88889182627256,"München, Hauptbahnhof (U, Tram)"
48.14985,11.46187,Dachau-Gröbenried Airfield,48.228675,11.422134,,DE,9.246676916799528,München-Pasing
51.9566277,7.6353295,Münster-Telgte Airfield,51.944745,7.773621,,DE,9.569302587651633,Münster (Westf) Hauptbahnhof
68.4417,17.44142,Ballangen Airfield,68.33635,16.830884,,NO,27.611483008040384,Narvik
48.4300596,10.1178597,Günzburg-Donauried Airfield,48.486668,10.283333,,DE,13.72997647306809,Nersingen
48.3936212,10.0056961,Erbach Airfield,48.34222,9.916111,,DE,8.7443085402707,Neu-Ulm
43.70484,7.26197,Nice-Côte d'Azur Airport,43.658401,7.21587,NCE,FR,6.356683807582711,Nice Ville
47.5752,9.6126293,Wildberg Airfield,47.600278,9.741944,,DE,10.091098076939966,Nonnenhorn
49.4458253,11.0821383,Nuremberg Airport,49.498699,11.078056,NUE,DE,5.886682102070589,Nürnberg Hbf
48.7824026,10.10761,Bartholomä-Amalienhof Airfield,48.746666,10.005,,DE,8.506025542168771,"Oberkochen, Bahnhof"
47.5539364,10.0255039,Isny Glider Field,47.7002,10.0207,,DE,16.26775420695204,Oberstaufen
47.4113971,10.2785324,Agathazell Airfield,47.554788,10.272868,,DE,15.950021402342113,Oberstdorf
47.07012,21.93653,Oradea International Airport,47.025299,21.9025,OMR,RO,5.611312968591374,Oradea
45.55269,18.68362,Osijek-Čepin Airfield,45.542778,18.631944,,HR,4.172292741493359,Osijek
59.9104,10.755,"Lillestrøm Airfield, Kjeller",59.969089,11.040482,,NO,17.18802187341559,Oslo S
48.1274186,11.6053531,Schleissheim Airfield,48.239166,11.559334,,DE,12.88563559777641,Ostbahnhof Gleis 6
48.1273886,11.605407,Schleissheim Airfield,48.239166,11.559334,,DE,12.889911069255483,Ostbahnhof Gleis 7
48.1273047,11.6055327,Schleissheim Airfield,48.239166,11.559334,,DE,12.90137878133232,Ostbahnhof Gleis 8
38.10942,13.36747,Palermo-Boccadifalco Airport,38.115919,13.31337,,IT,4.787951353457648,Palermo Centrale
48.84185,2.36646,Paris-Orly Airport,48.729499,2.358963,ORY,FR,12.50492966999025,Paris Austerlitz
48.87698,2.35912,Paris-Le Bourget International Airport,48.962276,2.436539,LBG,FR,11.043342655351612,Paris Est
48.8785739,2.3603054,Paris-Le Bourget International Airport,48.962276,2.436539,LBG,FR,10.846726170499577,Paris Gare de l'Est
48.88085,2.3555,Paris-Le Bourget International Airport,48.962276,2.436539,LBG,FR,10.818391084827654,Paris Gare du Nord
48.1501865,11.4620269,Dachau-Gröbenried Airfield,48.228675,11.422134,,DE,9.21493988082527,Pasing
48.1495992,11.4617933,Dachau-Gröbenried Airfield,48.228675,11.422134,,DE,9.2713136772962,Pasing Gleis 2
48.1496771,11.4616496,Dachau-Gröbenried Airfield,48.228675,11.422134,,DE,9.259722876068789,Pasing Gleis 3
48.149779,11.4617214,Dachau-Gröbenried Airfield,48.228675,11.422134,,DE,9.250660939112583,Pasing Gleis 4
48.1500966,11.461955,Dachau-Gröbenried Airfield,48.228675,11.422134,,DE,9.22270157399963,Pasing Gleis 9
48.5736385,13.450331,Fürstenzell Airfield,48.518055,13.345833,,DE,9.867803122234134,Passau Hbf
50.12245,-5.53191,Lower Botrea,50.112529,-5.629546,,GB,7.0483028956968,Penzance
48.7130825,9.4116941,Esslingen-Jägerhaus Airfield,48.762222,9.333889,,DE,7.900100887663274,Plochingen Gleis 1
48.7130529,9.4115773,Esslingen-Jägerhaus Airfield,48.762222,9.333889,,DE,7.896196662933841,Plochingen Gleis 3
48.7129581,9.4113527,Esslingen-Jägerhaus Airfield,48.762222,9.333889,,DE,7.891638377584177,Plochingen Gleis 4
50.08321,14.43531,Letňany Airfield,50.131401,14.5256,,CZ,8.377095099885183,Praha hl.n.
49.78366,22.77636,Arłamów Airfield,49.657501,22.514298,,PL,23.488618813019105,Przemyśl Gł.
47.735852,8.969157,Radolfzell-Stahlringen Airfield,47.802587,8.979378,,DE,7.459806743050267,Radolfzell Bahnhof
47.78441,9.6059638,Berg Airfield,47.830746,9.539587,,DE,7.149768820490586,Ravensburg Bahnhof
38.10453,15.63646,Reggio Calabria Airport,38.071201,15.6516,REG,IT,3.935762363825061,Reggio Calabria Centrale
48.7080085,9.4644522,Hahnweide Airfield,48.631841,9.429201,,DE,8.856195558895164,Reichenbach (F) Gleis 2
47.5569071,7.784378,Herten-Rheinfelden Airfield,47.56028,7.748333,,DE,2.7306353435424335,Rheinfelden (Baden) Bahnhof
45.33032,14.43111,Grobničko Polje Airfield,45.379501,14.5038,,HR,7.884621140032957,Rijeka
44.36277,2.58039,Rodez–Aveyron Airport,44.407902,2.48267,RDZ,FR,9.245863269300896,Rodez
48.7212676,11.2588908,Neuburg Air Base,48.710999,11.2115,,DE,3.659530825293859,Rohrenfeld
41.90049,12.50279,Rome Urbe Airport,41.952096,12.502231,,IT,5.738511731653124,Roma Termini
41.91107,12.53146,Rome Urbe Airport,41.952096,12.502231,,IT,5.163044476177162,Roma Tiburtina
47.8498652,12.1191625,Brannenburg Airfield,47.74075,12.11548,,DE,12.13617450532909,Rosenheim
66.49809,25.70537,Rovaniemi Airport,66.563327,25.829751,RVN,FI,9.108244543517202,Rovaniemi
47.6205715,9.9535579,Isny Glider Field,47.7002,10.0207,,DE,10.18250950282665,Röthenbach (Allgäu)
47.7577,9.2969523,Heiligenberg Glider Field,47.83291,9.30127,,DE,8.369187398180408,"Salem, Bahnhof"
40.67531,14.77256,Aviosuperficie del Sole,40.624425,14.845842,,IT,8.380715780621117,Salerno
47.8131273,13.0457926,Salzburg Airport,47.793301,13.0043,SZG,AT,3.8031311664065117,Salzburg Hauptbahnhof
47.79629,22.8946,Satu Mare International Airport,47.7033,22.8857,SUJ,RO,10.361403989931167,Satu Mare
47.6982838,8.6327559,Schmerlat Airfield,47.690203,8.526178,,CH,8.027147814894526,Schaffhausen
48.3715701,9.7350607,Seißen UL,48.413081,9.766288,,DE,5.159643590898144,Schelklingen
48.1785813,10.7677998,Schwabmünchen Airfield,48.179169,10.702778,,DE,4.821522243389679,Schwabmünchen
47.5908634,7.8693766,Hütten Glider Field,47.6333,7.9412,,DE,7.15918570587215,Schwörstadt Bahnhof
48.3239811,10.050531,Weißenhorn Airfield,48.289444,10.140278,,DE,7.668624015679717,Senden
47.93573,23.88554,Rona de Sus Airfield,47.91088,24.01891,,RO,10.31498724119902,Sighetu Marmației
47.7590769,8.8412729,Hilzingen Airfield,47.7604,8.7683,,DE,5.4566922191060145,Singen (Htw) Bahnhof
47.7955392,9.0956039,Radolfzell-Stahlringen Airfield,47.802587,8.979378,,DE,8.716592011684813,Sipplingen Bahnhof
37.06891,15.28173,Rinaura Airfield,37.028647,15.243509,,IT,5.616904030237408,Siracusa
48.5591633,10.2849464,Gundelfingen Airfield,48.569343,10.358541,,DE,5.532602630367474,Sontheim (Brenz)
47.5134038,10.2721813,Agathazell Airfield,47.554788,10.272868,,DE,4.602001847257368,Sonthofen
43.50489,16.44279,Split Saint Jerome Airport,43.538898,16.298,SPU,HR,12.271407492997495,Split
48.1242106,8.3428606,Schwenningen am Neckar Airfield,48.065834,8.571389,,DE,18.17102729461163,St. Georgen Bahnhof
58.96654,5.7324,"Stavanger Airport, Sola",58.876701,5.63778,SVG,NO,11.370603400657698,Stavanger
59.33001,18.05763,Stockholm-Bromma Airport,59.354401,17.9417,BMA,SE,7.110705020068391,Stockholm C
63.31589,12.10065,Meråker Airfield Øian,63.370834,11.8125,,NO,15.619301174811639,Storlien
48.5851086,7.7338837,Strasbourg Neuhof Airfield,48.553263,7.776604,,FR,4.734945675308925,Strasbourg Gare Centrale
48.7856758,9.1822195,Pattonville Airfield,48.864166,9.224722,,DE,9.265750702224267,Stuttgart Hauptbahnhof (oben) Gleis 1
48.7851371,9.1833513,Pattonville Airfield,48.864166,9.224722,,DE,9.29487381595111,Stuttgart Hauptbahnhof (oben) Gleis 11
48.785078,9.1834861,Pattonville Airfield,48.864166,9.224722,,DE,9.297878987337493,Stuttgart Hauptbahnhof (oben) Gleis 12
48.7850424,9.1835849,Pattonville Airfield,48.864166,9.224722,,DE,9.299278680346887,Stuttgart Hauptbahnhof (oben) Gleis 13
48.7849833,9.1837017,Pattonville Airfield,48.864166,9.224722,,DE,9.302733282447825,Stuttgart Hauptbahnhof (oben) Gleis 14
48.78493,9.1838005,Pattonville Airfield,48.864166,9.224722,,DE,9.306012518595772,Stuttgart Hauptbahnhof (oben) Gleis 15
48.7848826,9.1839532,Pattonville Airfield,48.864166,9.224722,,DE,9.307412556018301,Stuttgart Hauptbahnhof (oben) Gleis 16
48.7855574,9.182444,Pattonville Airfield,48.864166,9.224722,,DE,9.272655410200484,Stuttgart Hauptbahnhof (oben) Gleis 3
48.7852318,9.1831178,Pattonville Airfield,48.864166,9.224722,,DE,9.290507855622232,Stuttgart Hauptbahnhof (oben) Gleis 9
48.78408,9.18164,Pattonville Airfield,48.864166,9.224722,,DE,9.447174718394042,Stuttgart Hbf
47.67639,26.23626,Suceava Ștefan cel Mare International Airport,47.6875,26.354099,SCV,RO,8.907683086736842,Suceava Nord
50.83167,15.52059,Jestřabí v Krkonoších ULM,50.68215,15.48237,,CZ,16.841838097926985,Szklarska Poręba Górna
48.6838225,9.7597733,Donzdorf Airfield,48.678177,9.845909,,DE,6.3548657889466025,Süßen Gleis 3
47.9948974,10.0967763,Tannheim Airfield,48.009998,10.098611,,DE,1.6846494195635144,Tannheim (Württ)
43.23997,0.06939,Aérodrome de Tarbes Laloubère,43.215269,0.077304,,FR,2.8204769988767486,Tarbes
38.50882,42.2762,Tatvan Airport,38.54180145263672,42.332401275634766,,TR,6.111647172804763,Tatvan
47.635513,8.2723429,Bohlhof Glider Field,47.6509,8.3867,,DE,8.736472484896828,Tiengen (Hochrhein) Bahnhof
45.7509,21.20805,Cioca Airfield,45.78567,21.188104,,RO,4.164306052899375,Timişoara Nord
45.02669,7.65695,Torino-Aeritalia Airport,45.084444,7.603056,,IT,7.6917547672149515,Torino Lingotto
45.07176,7.66639,Torino-Aeritalia Airport,45.084444,7.603056,,IT,5.169085698380201,Torino Porta Susa
43.61121,1.45369,Toulouse-Lasbordes Airfield,43.58677,1.49924,,FR,4.564992710541929,Toulouse Matabiau
48.1398769,8.2367336,Winzeln-Schramberg Airfield,48.279167,8.428333,,DE,21.011062443782635,Triberg Bahnhof
45.65788,13.77251,Prosecco Airfield,45.703333,13.759722,,IT,5.150857308122535,Trieste Centrale
48.708702,9.5846737,Göppingen-Bezgenriet Airfield,48.658611,9.624167,,DE,6.279282029119643,Uhingen Gleis 2
47.7369033,9.24856,Konstanz Airfield,47.681435,9.139258,,DE,10.243302410648571,Uhldingen-Mühlhofen Bahnhof
48.3993472,9.9829328,Erbach Airfield,48.34222,9.916111,,DE,8.044557285557802,Ulm Hauptbahnhof
48.3983809,9.9833999,Erbach Airfield,48.34222,9.916111,,DE,7.981456853397254,Ulm Hbf
47.34743,25.35576,Floreni Airfield,47.362846,25.21191,,RO,10.97085598113606,Vatra Dornei Băi
45.44139,12.32046,Venice-Lido Giovanni Nicelli Airfield,45.428779,12.388733,,IT,5.508633248577259,Venezia Santa Lucia
46.61862,13.84854,Ossiacher See Paraglider Landing Field,46.65278,13.89145,,AT,5.016115055843629,Villach Hbf
45.84828,5.65364,Chamonet Airfield,45.797877,5.624628,,FR,6.038632633041238,Villach Hbf-Autoverladestelle
48.0574452,8.4656783,Schwenningen am Neckar Airfield,48.065834,8.571389,,DE,7.91107370676553,Villingen Bahnhof/ZOB
45.36362,18.98981,Vukovar Borovo Recreational Airfield,45.386398,18.962799,,HR,3.2964357447898456,Vukovar
47.6215161,8.2193782,Bohlhof Glider Field,47.6509,8.3867,,DE,12.955702499563573,Waldshut Bahnhof
47.6891415,9.8304438,Wangen-Kißlegg Airfield,47.753962,9.86219,,DE,7.588846440345308,Wangen Bahnhof
52.25183,21.05204,Warsaw Babice Airport,52.269199,20.907203,,PL,10.044924771358762,Warszawa Wschodnia
52.21998,20.9653,Warsaw Chopin Airport,52.165699,20.9671,WAW,PL,6.0370187265007145,Warszawa Zachodnia
47.5718123,9.6392733,Wildberg Airfield,47.600278,9.741944,,DE,8.325371987791646,Wasserburg (Bodensee)
47.5808842,7.9105284,Hütten Glider Field,47.6333,7.9412,,DE,6.265557690305641,Wehr-Brennet Bahnhof
48.7206808,11.3306842,Neuburg Air Base,48.710999,11.2115,,DE,8.810060346548072,Weichering
48.5188013,9.9500455,Oppingen-Au Airfield,48.5566,9.8219,,DE,10.328581196991786,Westerstetten
48.1851,16.37711,Vienna International Airport,48.110298,16.5697,VIE,AT,16.532999812273264,Wien Hbf
48.1968,16.3377,Vienna International Airport,48.110298,16.5697,VIE,AT,19.715733068047136,Wien Westbf
47.5463575,7.6908544,Herten-Rheinfelden Airfield,47.56028,7.748333,,DE,4.582925583956519,Wyhlen Bahnhof
45.80489,15.97961,Zagreb Franjo Tuđman International Airport,45.742901,16.0688,ZAG,HR,9.765313458667658,Zagreb Gl. K.
49.30245,19.96219,Nowy Targ Airfield,49.462797,20.050304,,PL,18.93634184171544,Zakopane
44.85313,20.3687,Zemun Polje 13 May Airfield,44.876444,20.305917,,RS,5.586034020526611,Zemun
47.37818,8.54021,Dübendorf Air Base,47.398602,8.64823,,CH,8.443044145941501,Zürich HB
47.7694386,9.1446878,Konstanz Airfield,47.681435,9.139258,,DE,9.793978599970101,Überlingen Bahnhof Therme
41.01849,28.76616,İstanbul Atatürk Airport,40.971913,28.823714,ISL,TR,7.082013137470409,İstanbul Halkalı
38.42271,27.14408,Gaziemir Air Base,38.319099,27.159401,,TR,11.59818121996785,İzmir Basmane
54.75691,17.5532,Cewice Naval Air Base,54.416525,17.765734,,PL,40.250305595685845,Łeba
53.90482,14.26663,Heringsdorf Airport,53.8787,14.1523,HDF,DE,8.035164447919069,Świnoujście
