station_name,city,lat,lon,country_code,annual_station_traffic,city_population
"Aalen, Hauptbahnhof","Aalen, Hauptbahnhof",48.8416777,10.0961295,,,
Aberdeen,Aberdeen,57.14469,-2.0964,,,198590.0
Aichstetten Bahnhof,Aichstetten Bahnhof,47.8877939,10.0746777,,,
"Aitrach (Kr Ravensb), Bahnhof","Aitrach (Kr Ravensb), Bahnhof",47.9435397,10.0801574,,,
Albbruck Bahnhof,Albbruck Bahnhof,47.5922386,8.1317835,,,
Albi Ville,Albi Ville,43.92445,2.13817,,575993.0,51290.0
Allmendingen,Allmendingen,48.3277261,9.7223495,,14285.0,
Altona,Altona,53.5519791,9.9343519,,,250192.0
Altstädten (Allgäu),Altstädten (Allgäu),47.4883577,10.280886,,,
Amsterdam Centraal,Amsterdam Centraal,52.37921,4.90029,,,741636.0
"Amsterdam, Centraal","Amsterdam, Centraal",52.3789574,4.9006063,,,
Amstetten (Württ),Amstetten (Württ),48.5782387,9.8730059,,11803.0,15559.0
Ankara,Ankara,39.93498,32.84395,,,3517182.0
Arad,Arad,46.19134,21.32492,,526511.0,169065.0
Augsburg Hbf,Augsburg Hbf,48.3655307,10.885533,,,301105.0
Augsburg Messe,Augsburg Messe,48.3387802,10.8861708,,,301105.0
Augsburg Messe Bstg 2,Augsburg Messe Bstg 2,48.3387921,10.8861169,,,301105.0
Augsburg Morellstraße,Augsburg Morellstraße,48.3550375,10.893025,,,301105.0
Aulendorf Bahnhof,Aulendorf Bahnhof,47.9529382,9.6439535,,,
Aurillac,Aurillac,44.9212,2.43623,,204937.0,26214.0
Bad Schussenried,Bad Schussenried,47.9937673,9.668244,,106903.0,
Bad Säckingen Bahnhof,Bad Säckingen Bahnhof,47.5558643,7.9487338,,,16549.0
Badischer Bahnhof,Badischer Bahnhof,47.5677212,7.6082453,,,
Bahnhof Überlingen,Bahnhof Überlingen,47.7689677,9.1630584,,,
Bar,Bar,42.08724,19.10525,,75034.0,311.0
Bari Centrale,Bari Centrale,41.11807,16.87061,,,316491.0
Bergen,Bergen,60.39026,5.33354,,1857062.0,294029.0
Berlin Hbf,Berlin Hbf,52.52508,13.3694,,,3426354.0
Bermatingen-Ahausen Bahnhof,Bermatingen-Ahausen Bahnhof,47.7305231,9.3448325,,106903.0,
Beuggen Bahnhof,Beuggen Bahnhof,47.5819992,7.8110041,,28711.0,
Biberach (Riß),Biberach (Riß),48.1019531,9.7929571,,,
Biberach Süd,Biberach Süd,48.0869954,9.8032518,,,
Bielsko-Biała Gł.,Bielsko-Biała Gł.,49.83154,19.04941,,,
Bielsko-Biała Główna,Bielsko-Biała Główna,49.82238,19.05838,,,
Bistrița Nord,Bistrița Nord,47.13248,24.4839,,,78877.0
Blaubeuren,Blaubeuren,48.4038201,9.7919599,,28711.0,
Blaustein,Blaustein,48.4149353,9.9188829,,106903.0,
Bobingen,Bobingen,48.2666434,10.8379762,,,16682.0
Bodø,Bodø,67.28638,14.39118,,,34073.0
Bohumín,Bohumín,49.90073,18.35944,,,20315.0
Bolzano / Bozen,Bolzano / Bozen,46.49638,11.35879,,,107436.0
Bratislava Nové Mesto,Bratislava Nové Mesto,48.17193,17.14648,,,423737.0
Bratislava hl.st.,Bratislava hl.st.,48.15891,17.10647,,,423737.0
Brașov,Brașov,45.64379,25.58684,,,253200.0
Bregenz,Bregenz,47.503,9.73963,,,29806.0
Briançon,Briançon,44.88961,6.63263,,220693.0,11411.0
Bruxelles Midi / Brussel Zuid,Bruxelles Midi / Brussel Zuid,,,,106903.0,
București Nord,București Nord,44.44677,26.07441,,,
Budapest Déli,Budapest Déli,47.50043,19.02466,,,1741041.0
Budapest Keleti,Budapest Keleti,47.50059,19.08426,,,1741041.0
Budapest Nyugati,Budapest Nyugati,47.51133,19.05866,,,1741041.0
Budapest-Keleti,Budapest-Keleti,47.50044,19.08399,,,1741041.0
Burgas,Burgas,,,,,210646.0
Cerbère,Cerbère,42.44277,3.16553,,85261.0,1209.0
Chelm,Chelm,51.1412,23.49404,,,60231.0
Cherkasy,Cherkasy,,,,,
Chernihiv,Chernihiv,,,,,
Chernivtsi,Chernivtsi,,,,,
Chişinău,Chişinău,47.01287,28.86019,,,
Chop,Chop,48.43271,22.20555,,14231.0,
Cluj-Napoca,Cluj-Napoca,46.7842,23.58662,,,286598.0
Constanța,Constanța,44.16877,28.63189,,,317832.0
Dnipro Holovny,Dnipro Holovny,,,,,
Dobrich,Dobrich,,,,,69434.0
Donaueschingen Bahnhof,Donaueschingen Bahnhof,47.9478781,8.4989609,,,21604.0
Donnersbergerbrücke,Donnersbergerbrücke,48.1425324,11.5348982,,,
Dortmund Hbf,Dortmund Hbf,51.5177175,7.4587657,,,588462.0
Duved,Duved,63.38985,12.91755,,,
Düsseldorf Hbf,Düsseldorf Hbf,51.2212,6.79271,,106903.0,618685.0
Ebersbach (F) Gleis 2,Ebersbach (F) Gleis 2,48.716218,9.526939,,,
Edinburgh Waverley,Edinburgh Waverley,55.9544,-3.18441,,,514990.0
Edirne,Edirne,41.65543,26.5802,,,180002.0
Ehingen (Donau),Ehingen (Donau),48.2858588,9.7244695,,,27764.0
Enzisweiler,Enzisweiler,47.5641329,9.6651717,,,
Eriskirch Bahnhof,Eriskirch Bahnhof,47.6285453,9.5265886,,,
Erzingen (Baden) Bahnhof,Erzingen (Baden) Bahnhof,47.6601803,8.430635,,,
Esslingen (N) Gleis 3,Esslingen (N) Gleis 3,48.7386467,9.3006623,,,92390.0
Esslingen (N) Gleis 5,Esslingen (N) Gleis 5,48.7385696,9.3006174,,,92390.0
Finninger Straße,Finninger Straße,48.3908832,10.0260519,,,
Fischen,Fischen,47.4561086,10.2717771,,,
Fort William / An Gearasdan,Fort William / An Gearasdan,,,,,15757.0
Freilassing,Freilassing,47.8367638,12.9764786,,,15909.0
Friedrichshafen Hafenbahnhof,Friedrichshafen Hafenbahnhof,47.6515396,9.4824544,,,58403.0
Friedrichshafen Stadtbahnhof,Friedrichshafen Stadtbahnhof,47.6530827,9.4734982,,,58403.0
Gare de Abancourt,Gare de Abancourt,49.6856202,1.7742912,,90965.0,569.0
Gare de Achiet,Gare de Achiet,50.1319184,2.7801146,,,75580.0
Gare de Albert,Gare de Albert,50.0053968,2.6444827,,684803.0,9521.0
Gare de Alençon,Gare de Alençon,48.4338845,0.0985309,,478757.0,25490.0
Gare de Amboise,Gare de Amboise,47.4214655,0.9817614,,855042.0,12937.0
Gare de Amiens,Gare de Amiens,49.8905865,2.3082788,,7395165.0,136449.0
Gare de Amilly - Ouerray,Gare de Amilly - Ouerray,48.4382945,1.3893962,,56169.0,13582.0
Gare de Ancenis,Gare de Ancenis,47.369337,-1.1777593,,1179679.0,75580.0
Gare de Angers Maître École,Gare de Angers Maître École,47.466953,-0.5324366,,46045.0,159022.0
Gare de Angers Saint-Laud,Gare de Angers Saint-Laud,47.4646464,-0.5567748,,7116373.0,159022.0
Gare de Argentan,Gare de Argentan,48.7385458,-0.0252909,,398579.0,13527.0
Gare de Arras,Gare de Arras,50.2868105,2.78016,,4773655.0,42875.0
Gare de Audrieu,Gare de Audrieu,49.216131,-0.5960138,,28711.0,1167.0
Gare de Auffay,Gare de Auffay,49.7160925,1.0984238,,56169.0,75580.0
Gare de Auray,Gare de Auray,47.6800865,-2.9993628,,1317309.0,14207.0
Gare de Batz-sur-Mer,Gare de Batz-sur-Mer,47.28086,-2.4788695,,336887.0,2892.0
Gare de Bayeux,Gare de Bayeux,49.2697288,-0.6980999,,662073.0,12659.0
Gare de Beaugency,Gare de Beaugency,47.7784038,1.6259389,,531504.0,8024.0
Gare de Beaumont-le-Roger,Gare de Beaumont-le-Roger,49.0741994,0.7726988,,16294.0,2769.0
Gare de Bernay,Gare de Bernay,49.0871158,0.5956878,,655294.0,9765.0
Gare de Blois - Chambord,Gare de Blois - Chambord,47.5854518,1.3237539,,203396.0,47219.0
Gare de Bournezeau,Gare de Bournezeau,46.6515229,-1.1783978,,2085.0,3452.0
Gare de Bressuire,Gare de Bressuire,46.8384051,-0.4961401,,20062.0,19970.0
Gare de Brest,Gare de Brest,48.3876203,-4.4803058,,2777923.0,142346.0
Gare de Bretoncelles,Gare de Bretoncelles,48.4327315,0.8923604,,26008.0,1455.0
Gare de Bretteville - Norrey,Gare de Bretteville - Norrey,49.2034122,-0.5127396,,22271.0,1027.0
Gare de Brion-près-Thouet,Gare de Brion-près-Thouet,47.0487214,-0.1848964,,,759.0
Gare de Briouze,Gare de Briouze,48.7018635,-0.3682037,,45439.0,1512.0
Gare de Broons,Gare de Broons,48.3333985,-2.2357459,,70577.0,2943.0
Gare de Bréauté - Beuzeville,Gare de Bréauté - Beuzeville,49.6033957,0.4174892,,739866.0,1329.0
Gare de Caen,Gare de Caen,49.1763537,-0.347613,,4255508.0,109400.0
Gare de Carentan,Gare de Carentan,49.302483,-1.2449382,,227651.0,75580.0
Gare de Caulnes,Gare de Caulnes,48.2844266,-2.1555927,,90645.0,2501.0
Gare de Cerizay,Gare de Cerizay,46.8175516,-0.6673134,,56169.0,4793.0
Gare de Cesson-Sévigné,Gare de Cesson-Sévigné,48.1128111,-1.6021099,,207859.0,18761.0
Gare de Champagné,Gare de Champagné,48.0197494,0.3356649,,203396.0,3666.0
Gare de Champtocé-sur-Loire,Gare de Champtocé-sur-Loire,47.4103145,-0.8686763,,203396.0,1829.0
Gare de Chantonnay,Gare de Chantonnay,46.6902585,-1.0542092,,16990.0,8557.0
Gare de Chartres,Gare de Chartres,48.4482028,1.4813126,,3536538.0,38324.0
Gare de Cherbourg,Gare de Cherbourg,49.6335183,-1.6214867,,,75580.0
Gare de Château-du-Loir,Gare de Château-du-Loir,47.6833356,0.4149592,,155829.0,229.0
Gare de Châteaubourg,Gare de Châteaubourg,48.1063608,-1.4051588,,683698.0,7533.0
Gare de Cinq-Mars-la-Pile,Gare de Cinq-Mars-la-Pile,47.3451747,0.4581184,,186647.0,4015.0
Gare de Clisson,Gare de Clisson,47.0860158,-1.2862919,,1124278.0,7452.0
Gare de Clères,Gare de Clères,49.5991119,1.1061752,,157511.0,1381.0
Gare de Conches,Gare de Conches,48.962359,0.9378896,,,75580.0
Gare de Condé-sur-Huisne,Gare de Condé-sur-Huisne,48.383367,0.8488811,,24049.0,226.0
Gare de Conlie,Gare de Conlie,48.1272219,-0.0116197,,68499.0,1833.0
Gare de Connerré - Beillé,Gare de Connerré - Beillé,48.0737072,0.4869016,,109988.0,2780.0
Gare de Corbie,Gare de Corbie,49.9116341,2.4999483,,485815.0,5982.0
Gare de Courville-sur-Eure,Gare de Courville-sur-Eure,48.4513371,1.2349025,,28711.0,2791.0
Gare de Coutances,Gare de Coutances,49.042928,-1.4417261,,222446.0,8321.0
Gare de Dieppe,Gare de Dieppe,49.9217887,1.0811328,,695838.0,28496.0
Gare de Dol-de-Bretagne,Gare de Dol-de-Bretagne,48.5442508,-1.7505361,,654150.0,5829.0
Gare de Douai,Gare de Douai,50.3716757,3.0899613,,3472422.0,40250.0
Gare de Dreux,Gare de Dreux,48.731493,1.3701634,,28711.0,31543.0
Gare de Flers,Gare de Flers,48.7447856,-0.5732157,,155284.0,14432.0
Gare de Folligny,Gare de Folligny,48.8299473,-1.407223,,440344.0,1119.0
Gare de Fougeré,Gare de Fougeré,46.6653633,-1.2321027,,1548.0,1240.0
Gare de Frénouville - Cagny,Gare de Frénouville - Cagny,49.1411537,-0.26041,,25986.0,2050.0
Gare de Gazeran,Gare de Gazeran,48.625821,1.7718286,,370917.0,1492.0
Gare de Granville,Gare de Granville,48.8383212,-1.5875472,,375919.0,12510.0
Gare de Guingamp,Gare de Guingamp,48.555661,-3.143343,,1070109.0,7111.0
Gare de Hennebont,Gare de Hennebont,47.7991298,-3.2857957,,192338.0,15910.0
Gare de Ingrandes,Gare de Ingrandes,47.4059297,-0.9208318,,,1709.0
Gare de Jouy,Gare de Jouy,48.5102492,1.5574626,,124677.0,1988.0
Gare de L'Aigle,Gare de L'Aigle,48.7662297,0.620014,,213643.0,7663.0
Gare de La Baule les Pins,Gare de La Baule les Pins,47.2834533,-2.3648905,,27557.0,75580.0
Gare de La Baule-Escoublac,Gare de La Baule-Escoublac,47.2884613,-2.389211,,27557.0,16912.0
Gare de La Bonneville-sur-Iton,Gare de La Bonneville-sur-Iton,48.9884629,1.0350725,,6880.0,2044.0
Gare de La Chaize-le-Vicomte,Gare de La Chaize-le-Vicomte,46.6768448,-1.2835958,,1378.0,3948.0
Gare de La Chapelle-sur-Loire,Gare de La Chapelle-sur-Loire,47.2512247,0.2184879,,3371.0,1468.0
Gare de La Ferté-Bernard,Gare de La Ferté-Bernard,48.1865289,0.6393795,,297050.0,8740.0
Gare de La Guierche,Gare de La Guierche,48.1139412,0.1931078,,29815.0,1300.0
Gare de La Hutte Coulombiers,Gare de La Hutte Coulombiers,48.3032566,0.1054466,,29337.0,75580.0
Gare de La Loupe,Gare de La Loupe,48.4738284,1.010898,,582162.0,3191.0
Gare de La Membrolle-sur-Choisille,Gare de La Membrolle-sur-Choisille,47.4313396,0.6407405,,1467.0,3290.0
Gare de La Roche-sur-Yon,Gare de La Roche-sur-Yon,46.6720757,-1.4356603,,1218501.0,54849.0
Gare de La Rochelle,Gare de La Rochelle,46.1527022,-1.1458576,,3137015.0,79851.0
Gare de La Suze,Gare de La Suze,47.8922362,0.0265714,,,75580.0
Gare de La Villette Saint-Prest,Gare de La Villette Saint-Prest,48.4827531,1.522905,,109176.0,217.0
Gare de Lamballe,Gare de Lamballe,48.4660608,-2.5115459,,711369.0,75580.0
Gare de Landerneau,Gare de Landerneau,48.4535734,-4.256528,,6837.0,16363.0
Gare de Landivisiau,Gare de Landivisiau,48.4960033,-4.082181,,253305.0,9426.0
Gare de Langeais,Gare de Langeais,47.3240248,0.4097404,,307322.0,4367.0
Gare de Laval,Gare de Laval,48.0762555,-0.7609291,,1700505.0,49400.0
Gare de Le Croisic,Gare de Le Croisic,47.2898903,-2.5073397,,152113.0,4056.0
Gare de Le Havre,Gare de Le Havre,49.4926229,0.1246437,,2070670.0,166687.0
Gare de Le Mans,Gare de Le Mans,47.9956159,0.1926141,,5440432.0,146249.0
Gare de Le Molay-Littry,Gare de Le Molay-Littry,49.2493264,-0.8809742,,56169.0,3124.0
Gare de Le Pouliguen,Gare de Le Pouliguen,47.2825083,-2.4331287,,125948.0,4173.0
Gare de Le Theil - La Rouge,Gare de Le Theil - La Rouge,48.2672914,0.6943758,,21145.0,387.0
Gare de Le Vieux Briollay,Gare de Le Vieux Briollay,47.5736883,-0.4830019,,29188.0,75580.0
Gare de Les Rosiers-sur-Loire,Gare de Les Rosiers-sur-Loire,47.3618603,-0.2193729,,76365.0,75580.0
Gare de Lille Flandres,Gare de Lille Flandres,50.6365763,3.0698721,,25331979.0,238246.0
Gare de Lisieux,Gare de Lisieux,49.1382984,0.2311429,,1232672.0,19645.0
Gare de Lison,Gare de Lison,49.2268337,-1.0503391,,211039.0,451.0
Gare de Longuerue - Vieux-Manoir,Gare de Longuerue - Vieux-Manoir,49.5566792,1.2762275,,19440.0,346.0
Gare de Lorient,Gare de Lorient,47.7555982,-3.3662209,,,58329.0
Gare de Maintenon,Gare de Maintenon,48.5854799,1.5920603,,1327025.0,4494.0
Gare de Mantes-la-Jolie,Gare de Mantes-la-Jolie,48.9898402,1.70337,,9911587.0,43526.0
Gare de Mer,Gare de Mer,47.7058923,1.5063578,,336887.0,6250.0
Gare de Meung-sur-Loire,Gare de Meung-sur-Loire,47.8299537,1.6919208,,466159.0,6670.0
Gare de Montauban-de-Bretagne,Gare de Montauban-de-Bretagne,48.1902428,-2.052675,,354751.0,6597.0
Gare de Montbizot,Gare de Montbizot,48.1513199,0.1908174,,47015.0,1841.0
Gare de Montfort-le-Gesnois,Gare de Montfort-le-Gesnois,48.0405728,0.4062319,,19174.0,2939.0
Gare de Montfort-sur-Meu,Gare de Montfort-sur-Meu,48.1388793,-1.9491409,,636464.0,6810.0
Gare de Montlouis,Gare de Montlouis,47.3915629,0.8174732,,,111.0
Gare de Montreuil-Bellay,Gare de Montreuil-Bellay,47.1254197,-0.1482834,,2207745.0,3746.0
Gare de Montville,Gare de Montville,49.5512834,1.0700462,,147206.0,4625.0
Gare de Montérolier - Buchy,Gare de Montérolier - Buchy,49.6031673,1.334721,,32330.0,591.0
Gare de Morannes,Gare de Morannes,47.7390037,-0.4181549,,38346.0,75580.0
Gare de Morgny,Gare de Morgny,49.5228742,1.2473588,,,650.0
Gare de Morlaix,Gare de Morlaix,48.5779705,-3.832514,,850223.0,15194.0
Gare de Mézidon - Canon,Gare de Mézidon - Canon,49.070913,-0.0749139,,,75580.0
Gare de Nantes,Gare de Nantes,47.2174913,-1.542077,,17553626.0,327734.0
Gare de Neuillé-Pont-Pierre,Gare de Neuillé-Pont-Pierre,47.5578523,0.5647897,,28711.0,2252.0
Gare de Neuville,Gare de Neuville,48.0704854,0.1996015,,28711.0,373.0
Gare de Nogent-le-Rotrou,Gare de Nogent-le-Rotrou,48.3257654,0.810313,,636642.0,9292.0
Gare de Nonancourt,Gare de Nonancourt,48.7757617,1.1928376,,11803.0,2321.0
Gare de Noyal - Acigné,Gare de Noyal - Acigné,48.1187915,-1.5277647,,332259.0,985.0
Gare de Noyen,Gare de Noyen,47.874387,-0.0982489,,,75580.0
Gare de Oissel,Gare de Oissel,49.3430833,1.1019373,,431176.0,75580.0
Gare de Onzain - Chaumont-sur-Loire,Gare de Onzain - Chaumont-sur-Loire,47.4920275,1.1860922,,278696.0,75580.0
Gare de Orléans,Gare de Orléans,47.907891,1.9042468,,5221422.0,116357.0
Gare de Paris Montparnasse Hall 1 - 2,Gare de Paris Montparnasse Hall 1 - 2,48.8411711,2.3205138,,68925312.0,2103778.0
Gare de Paris Montparnasse Vaugirard,Gare de Paris Montparnasse Vaugirard,48.8411711,2.3205138,,68925312.0,2103778.0
Gare de Paris Saint-Lazare,Gare de Paris Saint-Lazare,48.8762428,2.3253309,,114093491.0,2103778.0
Gare de Plestan,Gare de Plestan,48.4257122,-2.4424838,,14569.0,1635.0
Gare de Plouaret Trégor,Gare de Plouaret Trégor,48.606423,-3.4669791,,197837.0,2237.0
Gare de Plénée-Jugon,Gare de Plénée-Jugon,48.3766559,-2.3546105,,20761.0,2579.0
Gare de Poix-de-Picardie,Gare de Poix-de-Picardie,49.7777843,1.9898979,,89813.0,2282.0
Gare de Pont-l'Évêque,Gare de Pont-l'Évêque,49.2870445,0.1919739,,164885.0,5145.0
Gare de Pontchaillou,Gare de Pontchaillou,48.1186426,-1.6911174,,405981.0,75580.0
Gare de Pontchâteau,Gare de Pontchâteau,47.4353376,-2.0885275,,217942.0,11474.0
Gare de Pontorson - Mont-Saint-Michel,Gare de Pontorson - Mont-Saint-Michel,48.5527292,-1.5049304,,78308.0,4280.0
Gare de Pornichet,Gare de Pornichet,47.2704262,-2.3448644,,230185.0,12800.0
Gare de Port Boulet,Gare de Port Boulet,47.2488391,0.1556491,,166392.0,832.0
Gare de Pouzauges,Gare de Pouzauges,46.7524179,-0.8145972,,2187.0,5668.0
Gare de Questembert,Gare de Questembert,47.6830213,-2.4496212,,350119.0,8133.0
Gare de Quimper,Gare de Quimper,47.9944564,-4.092103,,1753601.0,64385.0
Gare de Quimperlé,Gare de Quimperlé,47.8693755,-3.552693,,503306.0,12469.0
Gare de Quédillac,Gare de Quédillac,48.2484813,-2.1452205,,33144.0,1287.0
Gare de Rambouillet,Gare de Rambouillet,48.6437724,1.83154,,5579876.0,27724.0
Gare de Redon,Gare de Redon,47.6520047,-2.08777,,1104562.0,9542.0
Gare de Rennes,Gare de Rennes,48.1035178,-1.6727439,,15689647.0,230890.0
Gare de Romilly-la-Puthenaye,Gare de Romilly-la-Puthenaye,49.0039198,0.854862,,9003.0,336.0
Gare de Rosporden,Gare de Rosporden,47.9602252,-3.8327024,,302899.0,7550.0
Gare de Rouen Rive Droite,Gare de Rouen Rive Droite,49.4486637,1.0941026,,7773267.0,117662.0
Gare de Sablé-sur-Sarthe,Gare de Sablé-sur-Sarthe,47.8417564,-0.3419969,,662172.0,12326.0
Gare de Saint-Antoine-du-Rocher,Gare de Saint-Antoine-du-Rocher,47.5036124,0.6163317,,73217.0,1824.0
Gare de Saint-Brieuc,Gare de Saint-Brieuc,48.5075822,-2.765,,28711.0,44364.0
Gare de Saint-Genouph,Gare de Saint-Genouph,47.3710642,0.5969105,,986.0,1019.0
Gare de Saint-Lô,Gare de Saint-Lô,49.1169738,-1.0995247,,299972.0,19471.0
Gare de Saint-Mars-la-Brière,Gare de Saint-Mars-la-Brière,48.0285279,0.3657048,,6668.0,2681.0
Gare de Saint-Nazaire,Gare de Saint-Nazaire,47.2864903,-2.211079,,1371500.0,74568.0
Gare de Saint-Patrice,Gare de Saint-Patrice,47.2856616,0.3096418,,18215.0,75580.0
Gare de Saint-Piat,Gare de Saint-Piat,48.5429525,1.5904886,,186401.0,1120.0
Gare de Saint-Pierre-des-Corps,Gare de Saint-Pierre-des-Corps,47.3861437,0.7235445,,4356356.0,15898.0
Gare de Saint-Pierre-sur-Dives,Gare de Saint-Pierre-sur-Dives,49.0231056,-0.0405856,,75554.0,85038.0
Gare de Sainte-Gauburge,Gare de Sainte-Gauburge,48.7172834,0.4281636,,1370.0,75580.0
Gare de Saumur,Gare de Saumur,47.2689958,-0.0714032,,966833.0,26241.0
Gare de Savenay,Gare de Savenay,47.3586008,-1.951011,,38477.0,9543.0
Gare de Savonnières,Gare de Savonnières,47.3605776,0.5441793,,2080.0,3392.0
Gare de Sceaux - Boëssé,Gare de Sceaux - Boëssé,48.1222299,0.5722332,,7637.0,20884.0
Gare de Serqueux,Gare de Serqueux,49.6315502,1.5394027,,80617.0,943.0
Gare de Serquigny,Gare de Serquigny,49.107754,0.7192894,,440344.0,1754.0
Gare de Servon,Gare de Servon,48.1122139,-1.4652101,,,3565.0
Gare de Sillé-le-Guillaume,Gare de Sillé-le-Guillaume,48.1817965,-0.1288914,,115577.0,2195.0
Gare de Surdon,Gare de Surdon,48.6647706,0.1344098,,92366.0,75580.0
Gare de Sées,Gare de Sées,48.5999675,0.1664085,,103413.0,4168.0
Gare de Teillé,Gare de Teillé,48.1813392,0.1914474,,5316.0,1824.0
Gare de Tiercé,Gare de Tiercé,47.6175243,-0.4694093,,120085.0,4589.0
Gare de Tours,Gare de Tours,47.3898771,0.6928408,,7013155.0,139259.0
Gare de Trouville - Deauville,Gare de Trouville - Deauville,49.3600056,0.0841671,,904015.0,75580.0
Gare de Valognes,Gare de Valognes,49.5054544,-1.4798601,,282866.0,6969.0
Gare de Vannes,Gare de Vannes,47.6651702,-2.75245,,2313942.0,55790.0
Gare de Varades - Saint-Florent-le-Vieil,Gare de Varades - Saint-Florent-le-Vieil,47.3745616,-1.01982,,123919.0,75580.0
Gare de Verneuil-sur-Avre,Gare de Verneuil-sur-Avre,48.7424865,0.9291927,,28711.0,836.0
Gare de Vernon - Giverny,Gare de Vernon - Giverny,49.0915726,1.4782972,,2046451.0,25290.0
Gare de Versailles Chantiers,Gare de Versailles Chantiers,48.795829,2.1358823,,24372929.0,84095.0
Gare de Villedieu-les-Poêles,Gare de Villedieu-les-Poêles,48.8341501,-1.2254182,,89813.0,535.0
Gare de Vire,Gare de Vire,48.8463297,-0.8828841,,100571.0,1225.0
Gare de Vitré,Gare de Vitré,48.1226727,-1.2117541,,1197732.0,19365.0
Gare de Vivoin - Beaumont,Gare de Vivoin - Beaumont,48.2301948,0.1448486,,45002.0,892.0
Gare de Voivres,Gare de Voivres,47.9305033,0.0852852,,,75580.0
Gare de Yffiniac,Gare de Yffiniac,48.4700837,-2.6524471,,29992.0,5074.0
Gare de Yvetot,Gare de Yvetot,49.6221158,0.7501387,,1115168.0,11438.0
Gare de Écommoy,Gare de Écommoy,47.8245481,0.2690699,,90899.0,4868.0
Gare de Épernon,Gare de Épernon,48.6052007,1.681363,,1574579.0,5715.0
Gare de Étriché - Châteauneuf,Gare de Étriché - Châteauneuf,47.6567338,-0.460868,,28711.0,1600.0
Gare de Évreux Normandie,Gare de Évreux Normandie,49.0187469,1.1496289,,89813.0,49360.0
Gdynia Gł.,Gdynia Gł.,54.52084,18.52956,,,257000.0
Geisingen Bahnhof,Geisingen Bahnhof,47.9214268,8.6523841,,,
Geislingen (Steige) Gleis 2,Geislingen (Steige) Gleis 2,48.6192303,9.8417176,,,
Geislingen (Steige) Gleis 3,Geislingen (Steige) Gleis 3,48.6192481,9.8418793,,,
Geltendorf,Geltendorf,48.1060563,11.03804,,,
Gerlenhofen,Gerlenhofen,48.3518617,10.0371012,,,
Giengen (Brenz),Giengen (Brenz),48.619741,10.2380274,,169298.0,
Gingen (F) Gleis 2,Gingen (F) Gleis 2,48.6607998,9.7880702,,,
Glasgow Central,Glasgow Central,55.85858,-4.25838,,,626410.0
Graz Hbf,Graz Hbf,47.0723,15.41644,,,303270.0
Grenzach Bahnhof Bstg 2,Grenzach Bahnhof Bstg 2,47.5509596,7.6593864,,,
Göppingen Gleis 4,Göppingen Gleis 4,48.700094,9.6520653,,,58040.0
Göppingen Gleis 6,Göppingen Gleis 6,48.699928,9.6519395,,,58040.0
Günzburg,Günzburg,48.4605212,10.27926,,,19737.0
Hamburg Altona,Hamburg Altona,53.55225,9.93496,,203396.0,1973896.0
Hamburg Hbf,Hamburg Hbf,53.5527529,10.0079239,,203396.0,1973896.0
Heidenheim (Brenz),Heidenheim (Brenz),48.6803766,10.1565142,,,
Heimenkirch,Heimenkirch,47.628957,9.9018688,,,
Hel,Hel,54.61104,18.80089,,420572.0,
Helsinki / Helsingfors,Helsinki / Helsingfors,,,,865.0,658864.0
Hergatz,Hergatz,47.6466438,9.827147,,,
Herrlingen,Herrlingen,48.4176719,9.8974491,,503.0,
Herten (Baden) Bahnhof,Herten (Baden) Bahnhof,47.549365,7.7389322,,,65306.0
Humenné,Humenné,48.93017,21.90117,,,30450.0
Iași,Iași,47.15723,27.60345,,,378954.0
Immendingen Bahnhof,Immendingen Bahnhof,47.9362701,8.7294236,,14285.0,
Immendingen Zimmern,Immendingen Zimmern,47.9326951,8.7131192,,336887.0,
Immenstadt,Immenstadt,47.5589318,10.214222,,,
Ingolstadt Hbf,Ingolstadt Hbf,48.7446121,11.4373322,,,120658.0
Ingolstadt Nord,Ingolstadt Nord,48.7741565,11.4319153,,,120658.0
Inningen,Inningen,48.311699,10.8691118,,,
Innsbruck Hbf,Innsbruck Hbf,47.26337,11.40111,,,132493.0
Inverness / Inbhir Nis,Inverness / Inbhir Nis,,,,,47790.0
Ivano-Frankivsk,Ivano-Frankivsk,,,,,
Kamianets-Podilskyi,Kamianets-Podilskyi,,,,,
Karlsruhe Hauptbahnhof,Karlsruhe Hauptbahnhof,48.993367,8.401278,,,283799.0
Kars,Kars,40.60528,43.10639,,,91450.0
Kaufering,Kaufering,48.0812403,10.8550801,,,
Kemijärvi,Kemijärvi,66.72411,27.40363,,,
Kempten (Allgäu) Hbf,Kempten (Allgäu) Hbf,47.7117827,10.317699,,,61399.0
Kempten (Allgäu) Hbf Bstg SEV,Kempten (Allgäu) Hbf Bstg SEV,47.7117585,10.3162706,,,61399.0
Kharkiv,Kharkiv,,,,,
Kißlegg Bahnhof,Kißlegg Bahnhof,47.7936563,9.8820699,,,
Kolari,Kolari,67.34896,23.83575,,,
Konya,Konya,37.86534,32.4759,,,1433861.0
Koper,Koper,45.53913,13.73831,,,25753.0
Kovel,Kovel,,,,,
Kołobrzeg,Kołobrzeg,54.18238,15.57209,,,44377.0
Kraków Gł.,Kraków Gł.,50.06719,19.94742,,,804237.0
Kremenchuk,Kremenchuk,,,,,
Kressbronn Bahnhof,Kressbronn Bahnhof,47.5940803,9.5989479,,,
Kryvyi Rih,Kryvyi Rih,,,,,
Kuchen Gleis 2,Kuchen Gleis 2,48.6403726,9.803683,,,
Kufstein Bahnhof,Kufstein Bahnhof,47.5830959,12.1656413,,,
Kurtalan,Kurtalan,37.92809,41.69722,,11803.0,32114.0
Kyiv Pasazhyrskyi,Kyiv Pasazhyrskyi,,,,,
Langenargen Bahnhof,Langenargen Bahnhof,47.5994777,9.5445998,,,
Langenau (Württ),Langenau (Württ),48.4932982,10.1258817,,11803.0,
Langenwang (Schwab),Langenwang (Schwab),47.4364373,10.2760441,,,
Latour-de-Carol / La Tor de Querol,Latour-de-Carol / La Tor de Querol,,,,,480.0
Laufenburg (Baden) Bahnhof,Laufenburg (Baden) Bahnhof,47.5641389,8.0590379,,,
Laufenburg (Baden) Ost Bahnhof,Laufenburg (Baden) Ost Bahnhof,47.5661998,8.0730696,,,
Lecce,Lecce,40.34594,18.16583,,,80695.0
Leipheim,Leipheim,48.4503455,10.2157941,,,
Leutkirch Bahnhof,Leutkirch Bahnhof,47.8262466,10.0160177,,28711.0,22362.0
Lindau-Aeschach,Lindau-Aeschach,47.5592531,9.684746,,,24518.0
Lindau-Insel,Lindau-Insel,47.5451508,9.6804521,,,24518.0
Lindau-Reutin,Lindau-Reutin,47.5522813,9.7029189,,28711.0,24518.0
Lindau-Reutin Bstg 2,Lindau-Reutin Bstg 2,47.5527784,9.7024518,,28711.0,24518.0
London Euston,London Euston,51.52817,-0.13308,,106903.0,8961989.0
London Paddington,London Paddington,51.51686,-0.1769,,,8961989.0
Lozova,Lozova,,,,,
Ludwigshafen(Bodensee) Bahnhof,Ludwigshafen(Bodensee) Bahnhof,47.8156006,9.0531495,,,
Luleå C,Luleå C,65.58417,22.16527,,,77832.0
Lviv,Lviv,,,,,
Lörrach Autoreisezug Terminal,Lörrach Autoreisezug Terminal,47.62011,7.66874,,,47002.0
Löwental Bahnhof,Löwental Bahnhof,47.6614629,9.4994415,,,
Malatya,Malatya,38.3768,38.32295,,,750491.0
Malmö C,Malmö C,55.60944,13.00084,,,362133.0
Mangalia,Mangalia,43.82291,28.58205,,,39619.0
Markdorf Bahnhof,Markdorf Bahnhof,47.7168416,9.3884457,,,
Martinszell (Allgäu),Martinszell (Allgäu),47.6295745,10.273978,,,
Meckenbeuren Bahnhof,Meckenbeuren Bahnhof,47.6998678,9.5584788,,28711.0,
Memmingen,Memmingen,47.985693,10.187057,,,44192.0
Milano Centrale,Milano Centrale,45.48727,9.20511,,,
Milano Porta Garibaldi,Milano Porta Garibaldi,45.4846,9.18776,,22.0,
Mukacheve,Mukacheve,,,,,
Munderkingen Gleis,Munderkingen Gleis,48.2379025,9.6455615,,,
Murg (Baden) Bahnhof,Murg (Baden) Bahnhof,47.5534878,8.0183712,,,
Mykolaiv,Mykolaiv,,,,,
München Hbf,München Hbf,48.14161,11.55794,,,
München Hbf Gleis 10,München Hbf Gleis 10,48.1401586,11.5538976,,,
München Hbf Gleis 11,München Hbf Gleis 11,48.1398829,11.5574908,,,
München Hbf Gleis 12,München Hbf Gleis 12,48.1399368,11.5574908,,,
München Hbf Gleis 13,München Hbf Gleis 13,48.1400267,11.5575178,,,
München Hbf Gleis 14,München Hbf Gleis 14,48.1400807,11.5575178,,,
München Hbf Gleis 15,München Hbf Gleis 15,48.1401826,11.5575268,,,
München Hbf Gleis 16,München Hbf Gleis 16,48.1402366,11.5575447,,,
München Hbf Gleis 17,München Hbf Gleis 17,48.1403325,11.5575717,,,
München Hbf Gleis 18,München Hbf Gleis 18,48.1403864,11.5575717,,,
München Hbf Gleis 19,München Hbf Gleis 19,48.1405003,11.5575896,,,
München Hbf Gleis 20,München Hbf Gleis 20,48.1405543,11.5576076,,,
München Hbf Gleis 23,München Hbf Gleis 23,48.140812,11.5576435,,,
München Hbf Gleis 24,München Hbf Gleis 24,48.14086,11.5576615,,,
München Hbf Gleis 25,München Hbf Gleis 25,48.1409679,11.5576705,,,
München Hbf Gleis 7,München Hbf Gleis 7,48.1399548,11.5537988,,,
München Süd,München Süd,48.12157,11.55297,,,
"München, Hauptbahnhof (U, Tram)","München, Hauptbahnhof (U, Tram)",48.1401287,11.560581,,,
München-Pasing,München-Pasing,48.14985,11.46187,,,
Münster (Westf) Hauptbahnhof,Münster (Westf) Hauptbahnhof,51.9566277,7.6353295,,290061.0,4738.0
Narvik,Narvik,68.4417,17.44142,,,
Nersingen,Nersingen,48.4300596,10.1178597,,,
Neu-Ulm,Neu-Ulm,48.3934601,10.0059207,,28711.0,51389.0
Nice Ville,Nice Ville,43.70484,7.26197,,12131450.0,357737.0
Nonnenhorn,Nonnenhorn,47.5752,9.6126293,,,
Nürnberg Hbf,Nürnberg Hbf,49.4457552,11.0821383,,,
"Oberkochen, Bahnhof","Oberkochen, Bahnhof",48.7824026,10.10761,,,
Oberstaufen,Oberstaufen,47.5538819,10.0253602,,,
Oberstdorf,Oberstdorf,47.4113971,10.2785324,,,
Odesa Holovna,Odesa Holovna,,,,,
Oradea,Oradea,47.07012,21.93653,,,183105.0
Osijek,Osijek,45.55269,18.68362,,,75535.0
Oslo S,Oslo S,59.9104,10.755,,,1082575.0
Ostbahnhof Gleis 6,Ostbahnhof Gleis 6,48.1274186,11.6053531,,,
Ostbahnhof Gleis 7,Ostbahnhof Gleis 7,48.1273886,11.605407,,,
Ostbahnhof Gleis 8,Ostbahnhof Gleis 8,48.1273047,11.6055327,,,
Palermo Centrale,Palermo Centrale,38.10942,13.36747,,,648260.0
Paris Austerlitz,Paris Austerlitz,48.84185,2.36646,,23798578.0,2103778.0
Paris Gare de l'Est,Paris Gare de l'Est,48.8785739,2.3603054,,,2103778.0
Paris Gare du Nord,Paris Gare du Nord,48.88085,2.3555,,257024152.0,2103778.0
Pasing,Pasing,48.1501865,11.4620269,,,35728.0
Pasing Gleis 2,Pasing Gleis 2,48.1495992,11.4617933,,,35728.0
Pasing Gleis 3,Pasing Gleis 3,48.1496771,11.4616496,,,35728.0
Pasing Gleis 4,Pasing Gleis 4,48.149779,11.4617214,,,35728.0
Pasing Gleis 9,Pasing Gleis 9,48.1500966,11.461955,,,35728.0
Passau Hbf,Passau Hbf,48.5738108,13.450304,,,50560.0
Penzance,Penzance,50.12245,-5.53191,,,19872.0
Plochingen Gleis 1,Plochingen Gleis 1,48.7130825,9.4116941,,,
Plochingen Gleis 3,Plochingen Gleis 3,48.7130529,9.4115773,,,
Plochingen Gleis 4,Plochingen Gleis 4,48.7129581,9.4113527,,,
Praha hl.n.,Praha hl.n.,50.08321,14.43531,,,
Przemyśl Gł.,Przemyśl Gł.,49.78366,22.77636,,,67013.0
Radolfzell Bahnhof,Radolfzell Bahnhof,47.7356829,8.9691391,,,31734.0
Rakhiv,Rakhiv,,,,,
Ravensburg Bahnhof,Ravensburg Bahnhof,47.7843738,9.6061255,,,48825.0
Reggio Calabria Centrale,Reggio Calabria Centrale,38.10453,15.63646,,,182455.0
Reichenbach (F) Gleis 2,Reichenbach (F) Gleis 2,48.7080085,9.4644522,,,
Rheinfelden (Baden) Bahnhof,Rheinfelden (Baden) Bahnhof,47.5568707,7.784396,,,34674.0
Rijeka,Rijeka,45.33032,14.43111,,,107964.0
Rodez,Rodez,44.36277,2.58039,,312754.0,23981.0
Rohrenfeld,Rohrenfeld,48.7212676,11.2588908,,,
Roma Termini,Roma Termini,41.90049,12.50279,,,
Roma Tiburtina,Roma Tiburtina,41.91107,12.53146,,11803.0,
Rosenheim,Rosenheim,47.8498652,12.1191625,,,60167.0
Rovaniemi,Rovaniemi,66.49809,25.70537,,,65670.0
Röthenbach (Allgäu),Röthenbach (Allgäu),47.6205533,9.953504,,,
"Salem, Bahnhof","Salem, Bahnhof",47.7577,9.2969523,,,
Salerno,Salerno,40.67531,14.77256,,,125797.0
Salzburg Hauptbahnhof,Salzburg Hauptbahnhof,47.8131273,13.0457926,,,157245.0
Satu Mare,Satu Mare,47.79629,22.8946,,,112490.0
Schaffhausen,Schaffhausen,47.6982838,8.6327559,,106903.0,36587.0
Schelklingen,Schelklingen,48.3715701,9.7350607,,,
Schwabmünchen,Schwabmünchen,48.1785813,10.7677998,,,
Schwörstadt Bahnhof,Schwörstadt Bahnhof,47.5908634,7.8693766,,865.0,
Senden,Senden,48.3239811,10.050531,,,22275.0
Silistra,Silistra,,,,,29498.0
Singen (Htw) Bahnhof,Singen (Htw) Bahnhof,47.7596204,8.8421802,,,47621.0
Sipplingen Bahnhof,Sipplingen Bahnhof,47.7955392,9.0956039,,,
Siracusa,Siracusa,37.06891,15.28173,,106903.0,121605.0
Sofia,Sofia,,,,,1152556.0
Solotvyno,Solotvyno,,,,,
Sontheim (Brenz),Sontheim (Brenz),48.5591633,10.2849464,,,
Sonthofen,Sonthofen,47.5134038,10.2721813,,,21285.0
Split,Split,43.50489,16.44279,,,149830.0
St. Georgen Bahnhof,St. Georgen Bahnhof,48.1242106,8.3428606,,,
Stavanger,Stavanger,58.96654,5.7324,,,148682.0
Stockholm C,Stockholm C,59.33001,18.05763,,,1515017.0
Storlien,Storlien,63.31589,12.10065,,,
Strasbourg Gare Centrale,Strasbourg Gare Centrale,48.5851086,7.7338837,,24568668.0,293771.0
Stuttgart Hauptbahnhof (oben) Gleis 1,Stuttgart Hauptbahnhof (oben) Gleis 1,48.7856758,9.1822195,,,612663.0
Stuttgart Hauptbahnhof (oben) Gleis 11,Stuttgart Hauptbahnhof (oben) Gleis 11,48.7851371,9.1833513,,,612663.0
Stuttgart Hauptbahnhof (oben) Gleis 12,Stuttgart Hauptbahnhof (oben) Gleis 12,48.785078,9.1834861,,,612663.0
Stuttgart Hauptbahnhof (oben) Gleis 13,Stuttgart Hauptbahnhof (oben) Gleis 13,48.7850424,9.1835849,,,612663.0
Stuttgart Hauptbahnhof (oben) Gleis 14,Stuttgart Hauptbahnhof (oben) Gleis 14,48.7849833,9.1837017,,,612663.0
Stuttgart Hauptbahnhof (oben) Gleis 15,Stuttgart Hauptbahnhof (oben) Gleis 15,48.78493,9.1838005,,,612663.0
Stuttgart Hauptbahnhof (oben) Gleis 16,Stuttgart Hauptbahnhof (oben) Gleis 16,48.7848826,9.1839532,,,612663.0
Stuttgart Hauptbahnhof (oben) Gleis 3,Stuttgart Hauptbahnhof (oben) Gleis 3,48.7855574,9.182444,,,612663.0
Stuttgart Hauptbahnhof (oben) Gleis 9,Stuttgart Hauptbahnhof (oben) Gleis 9,48.7852318,9.1831178,,,612663.0
Stuttgart Hbf,Stuttgart Hbf,48.78408,9.18164,,,612663.0
Suceava Nord,Suceava Nord,47.67639,26.23626,,,84308.0
Sumy,Sumy,,,,,
Szklarska Poręba Górna,Szklarska Poręba Górna,50.83167,15.52059,,,
Süßen Gleis 3,Süßen Gleis 3,48.6838225,9.7597733,,106903.0,
Tannheim (Württ),Tannheim (Württ),47.9948974,10.0967763,,11803.0,
Tarbes,Tarbes,43.23997,0.06939,,861314.0,44399.0
Tatvan,Tatvan,38.50882,42.2762,,,73222.0
Tiengen (Hochrhein) Bahnhof,Tiengen (Hochrhein) Bahnhof,47.635513,8.2723429,,,
Timişoara Nord,Timişoara Nord,45.7509,21.20805,,,250849.0
Torino Lingotto,Torino Lingotto,45.02669,7.65695,,,
Torino Porta Susa,Torino Porta Susa,45.07176,7.66639,,106903.0,
Toulouse Matabiau,Toulouse Matabiau,43.61121,1.45369,,14522596.0,514819.0
Triberg Bahnhof,Triberg Bahnhof,48.1398769,8.2367336,,,
Trieste Centrale,Trieste Centrale,45.65788,13.77251,,,204338.0
Trondheim S,Trondheim S,63.43624,10.39914,,,216518.0
Truskavets,Truskavets,,,,106903.0,
Turku satama / Åbo hamn,Turku satama / Åbo hamn,,,,203396.0,206655.0
Uhingen Gleis 2,Uhingen Gleis 2,48.708702,9.5846737,,,
Uhldingen-Mühlhofen Bahnhof,Uhldingen-Mühlhofen Bahnhof,47.7369033,9.24856,,14285.0,
Ulm Hauptbahnhof,Ulm Hauptbahnhof,48.3993472,9.9829328,,,120451.0
Ulm Hbf,Ulm Hbf,48.3993531,9.9825824,,,120451.0
Uzhhorod,Uzhhorod,,,,,
Varna,Varna,,,,,318737.0
Vatra Dornei Băi,Vatra Dornei Băi,47.34743,25.35576,,,16054.0
Venezia Santa Lucia,Venezia Santa Lucia,45.44139,12.32046,,1680.0,
Villach Hbf,Villach Hbf,46.61862,13.84854,,,58882.0
Villach Hbf-Autoverladestelle,Villach Hbf-Autoverladestelle,46.61862,13.84844,,,58882.0
Villingen Bahnhof/ZOB,Villingen Bahnhof/ZOB,48.0574452,8.4656783,,,
Vorokhta,Vorokhta,,,,,
Waldshut Bahnhof,Waldshut Bahnhof,47.6215161,8.2193782,,,
Wangen Bahnhof,Wangen Bahnhof,47.6891415,9.8304438,,,639.0
Warszawa Wschodnia,Warszawa Wschodnia,52.25183,21.05204,,,
Warszawa Zachodnia,Warszawa Zachodnia,52.21998,20.9653,,,
Wasserburg (Bodensee),Wasserburg (Bodensee),47.5718123,9.6392733,,,
Wehr-Brennet Bahnhof,Wehr-Brennet Bahnhof,47.5808842,7.9105284,,,
Weichering,Weichering,48.7206808,11.3306842,,,
Westerstetten,Westerstetten,48.5188013,9.9500455,,,
Wien Hbf,Wien Hbf,48.1851,16.37711,,,
Wien Westbf,Wien Westbf,48.1968,16.3377,,,
Wyhlen Bahnhof,Wyhlen Bahnhof,47.5463575,7.6908544,,,
Yasinia,Yasinia,,,,,
Zagreb Gl. K.,Zagreb Gl. K.,45.80489,15.97961,,,663592.0
Zakopane,Zakopane,49.30245,19.96219,,,27266.0
Zaporizhzhia 1,Zaporizhzhia 1,,,,,
Zemun,Zemun,44.85313,20.3687,,,155591.0
Zürich HB,Zürich HB,47.37818,8.54021,,,415367.0
Überlingen Bahnhof Therme,Überlingen Bahnhof Therme,47.769505,9.1447148,,,21507.0
İstanbul Halkalı,İstanbul Halkalı,41.01849,28.76616,,,15701602.0
İzmir Basmane,İzmir Basmane,38.42271,27.14408,,,2938292.0
Łeba,Łeba,54.75691,17.5532,,,
Świnoujście,Świnoujście,53.90482,14.26663,,,40919.0
